,canto_coding_id,region,division,subregion,area_kingdom,culture,language,people,lat,lng,cv_1,cv_2,cv_3,cv_4,cv_5,cv_6,cv_7,cv_8,cv_9,cv_10,cv_11,cv_12,cv_13,cv_14,cv_15,cv_16,cv_17,cv_18,cv_19,cv_20,cv_21,cv_22,cv_23,cv_24,cv_25,cv_26,cv_27,cv_28,cv_29,cv_30,cv_31,cv_32,cv_33,cv_34,cv_35,cv_36,cv_37,Number of Samples
0,3772,North,India,C India/ Central Tribal Area,Chhattisgarh,Dhurwa Gond,Dravidian,Tribal,18.75,81.78,0.38,0.15,0.46,0.54,0.31,0.77,0.77,1.0,0.54,0.54,0.85,0.38,0.46,0.38,0.69,0.38,0.77,0.62,0.08,1.0,1.0,0.08,0.77,0.69,0.77,0.69,1.0,0.38,1.0,0.54,1.0,0.31,0.77,0.54,0.54,0.31,0.54,12
1,3773,North,India,C India/ Central Tribal Area,Chhattisgarh,Dhurwa Gond,Dravidian,Tribal,18.75,81.78,0.69,0.08,0.08,0.77,0.54,0.54,0.08,0.08,0.08,0.54,0.85,0.23,0.08,0.08,0.69,0.38,0.77,0.69,0.08,0.77,0.54,0.08,0.31,0.85,0.31,1.0,1.0,0.69,1.0,0.54,0.54,0.77,0.62,0.77,0.77,0.77,0.77,12
2,3774,North,India,C India/ Central Tribal Area,Chhattisgarh,Dhurwa Gond,Dravidian,Tribal,18.75,81.78,0.38,0.08,0.08,0.88,0.54,0.54,0.08,0.08,0.08,0.77,0.46,0.38,0.08,0.08,0.69,0.85,0.77,1.0,0.08,0.54,0.77,0.23,0.54,0.69,0.54,0.69,1.0,0.38,0.54,0.77,0.54,0.54,0.62,0.31,0.31,0.54,0.54,12
3,3775,North,India,C India/ Central Tribal Area,Chhattisgarh,Dhurwa Gond,Dravidian,Tribal,18.75,81.78,0.46,0.08,0.08,0.54,0.77,0.54,0.08,0.08,0.08,0.77,0.85,0.23,0.08,0.08,0.69,0.38,0.88,0.62,0.31,0.31,1.0,0.08,0.77,0.69,0.77,1.0,1.0,0.38,0.54,0.77,1.0,0.42,0.77,1.0,1.0,0.54,0.54,12
4,3776,North,India,C India/ Central Tribal Area,Chhattisgarh,Dhurwa Gond,Dravidian,Tribal,18.75,81.78,0.46,0.92,0.85,0.54,0.77,0.77,0.54,0.54,0.31,0.54,0.46,0.23,0.46,0.54,0.69,0.46,0.77,0.38,0.69,0.54,1.0,0.08,0.77,0.69,0.42,1.0,1.0,0.69,1.0,0.54,1.0,0.42,0.77,1.0,1.0,0.54,0.54,12
5,3777,North,India,C India/ Central Tribal Area,Chhattisgarh,Dhurwa Gond,Dravidian,Tribal,18.75,81.78,0.81,0.08,0.08,1.0,0.77,0.77,0.08,0.08,0.08,0.31,1.0,0.31,0.08,0.08,0.69,0.77,0.19,0.62,0.08,0.77,0.31,0.23,1.0,0.08,0.77,0.08,1.0,0.38,1.0,0.31,0.54,0.42,0.77,0.77,0.54,0.42,0.77,12
6,3778,North,India,C India/ Central Tribal Area,Chhattisgarh,Dhurwa Gond,Dravidian,Tribal,22.05,78.93,0.81,0.08,0.08,1.0,0.77,0.77,0.08,0.08,0.08,0.31,1.0,0.31,0.08,0.08,0.69,0.23,0.42,0.62,0.31,1.0,0.31,0.23,0.31,0.23,0.77,0.08,1.0,0.69,0.08,0.31,0.54,0.31,0.77,1.0,1.0,0.77,0.54,12
7,3779,North,India,C India/ Central Tribal Area,Chhattisgarh,Dhurwa Gond,Dravidian,Tribal,18.75,81.78,0.46,0.08,0.08,0.77,0.77,0.54,0.08,0.08,0.08,0.31,0.85,0.23,0.08,0.08,0.69,0.92,0.77,0.85,0.31,0.77,0.31,0.08,0.54,0.69,0.77,0.38,1.0,0.69,0.54,0.31,0.54,0.31,0.77,0.77,0.77,0.42,0.77,12
8,3780,North,India,C India/ Central Tribal Area,Chhattisgarh,Dhurwa Gond,Dravidian,Tribal,18.75,81.78,0.38,0.08,0.08,0.54,0.54,0.31,0.08,0.08,0.08,0.31,0.46,0.23,0.08,0.08,0.69,0.92,0.54,1.0,0.08,0.54,0.54,0.08,0.54,0.69,0.54,0.69,1.0,0.38,0.54,0.31,1.0,0.77,0.62,0.54,0.54,0.77,0.77,12
9,3781,North,India,C India/ Central Tribal Area,Chhattisgarh,Dhurwa Gond,Dravidian,Tribal,18.75,81.78,0.38,0.08,0.08,0.77,0.77,0.54,0.08,0.08,0.08,0.54,0.85,0.23,0.08,0.08,0.69,0.92,0.54,1.0,0.31,0.54,0.54,0.08,0.54,0.85,0.54,0.69,1.0,0.69,1.0,0.54,1.0,0.54,0.62,0.0,0.0,0.54,0.31,12
10,3782,North,India,C India/ Central Tribal Area,Chhattisgarh,Dhurwa Gond,Dravidian,Tribal,18.75,81.78,0.92,0.62,0.15,0.88,0.77,0.77,0.31,0.08,0.08,0.54,1.0,0.31,0.85,0.69,0.69,0.92,0.42,0.85,0.31,0.54,0.31,0.23,0.77,0.85,0.77,1.0,1.0,0.38,0.54,0.54,1.0,0.54,0.77,0.77,0.77,0.77,0.77,12
11,3783,North,India,C India/ Central Tribal Area,Chhattisgarh,Dhurwa Gond,Dravidian,Tribal,18.75,81.78,0.15,0.08,0.08,0.31,0.08,0.08,0.08,0.08,0.08,0.77,0.85,0.08,0.08,0.08,0.69,0.77,0.54,1.0,0.31,0.31,0.31,0.08,0.77,0.38,0.31,0.38,1.0,0.69,0.54,0.77,1.0,0.54,0.62,0.54,0.77,0.77,0.77,12
12,3784,North,India,C India/ Central Tribal Area,Chhattisgarh,Dorla,Dravidian,Tribal,24.61,80.48,0.38,0.08,0.08,0.77,0.77,0.54,0.08,0.08,0.08,0.54,0.85,0.23,0.08,0.08,0.69,0.92,0.54,0.85,0.31,0.54,0.54,0.08,0.77,0.85,0.54,0.69,1.0,0.38,0.54,0.54,1.0,0.54,0.62,0.54,0.54,0.54,0.54,10
13,3785,North,India,C India/ Central Tribal Area,Chhattisgarh,Dorla,Dravidian,Tribal,24.61,80.48,0.38,0.08,0.08,0.77,0.77,0.77,0.08,0.08,0.08,0.31,0.85,0.23,0.08,0.08,0.69,0.85,0.31,1.0,0.31,0.54,0.77,0.08,0.77,0.69,0.54,0.69,1.0,0.38,1.0,0.31,0.54,0.54,0.62,0.54,0.54,0.54,0.54,10
14,3786,North,India,C India/ Central Tribal Area,Chhattisgarh,Dorla,Dravidian,Tribal,24.61,80.48,0.38,0.08,0.08,0.77,0.0,0.54,0.08,0.08,0.08,0.54,0.85,0.23,0.08,0.08,0.69,0.92,0.42,0.85,0.08,0.54,0.54,0.08,0.77,0.69,0.54,0.69,1.0,0.38,1.0,0.54,0.0,0.77,0.62,0.0,0.0,0.42,0.54,10
15,3787,North,India,C India/ Central Tribal Area,Chhattisgarh,Dorla,Dravidian,Tribal,24.61,80.48,0.46,0.08,0.08,0.54,0.0,0.54,0.08,0.08,0.08,0.54,0.85,0.23,0.08,0.08,0.69,0.92,0.54,1.0,0.08,0.31,0.54,0.08,0.77,0.69,0.54,1.0,1.0,0.69,0.54,0.54,1.0,0.54,0.62,0.54,0.54,0.77,0.54,10
16,3788,North,India,C India/ Central Tribal Area,Chhattisgarh,Dorla,Dravidian,Tribal,14.51,78.36,0.38,0.08,0.08,0.54,0.77,0.54,0.08,0.08,0.08,0.77,0.85,0.23,0.08,0.08,0.69,0.85,0.54,0.85,0.08,1.0,0.54,0.08,0.77,0.69,0.42,1.0,1.0,0.38,0.54,0.77,1.0,1.0,0.62,0.31,0.54,0.77,0.77,10
17,3789,North,India,C India/ Central Tribal Area,Chhattisgarh,Dorla,Dravidian,Tribal,14.51,78.36,0.77,0.08,0.08,0.54,0.31,0.54,0.08,0.08,0.08,0.54,0.85,0.23,0.08,0.08,0.69,0.38,0.77,0.38,0.08,0.54,0.54,0.08,0.77,0.85,0.54,1.0,1.0,0.69,0.54,0.54,0.54,0.77,0.46,0.31,0.31,0.77,0.77,10
18,3798,North,India,C India/ Central Tribal Area,Chhattisgarh,Dorla,Dravidian,Tribal,14.51,78.36,0.38,0.08,0.08,1.0,0.77,0.54,0.08,0.08,0.08,0.31,0.85,0.38,0.08,0.08,0.69,0.62,0.42,0.85,0.08,1.0,0.54,0.46,0.0,0.69,0.54,0.38,1.0,0.69,0.54,0.31,1.0,1.0,0.62,0.42,0.54,0.54,0.77,10
19,3799,North,India,C India/ Central Tribal Area,Chhattisgarh,Dorla,Dravidian,Tribal,24.61,80.48,0.15,0.08,0.08,1.0,0.77,0.54,0.08,0.08,0.08,0.54,0.85,0.23,0.08,0.08,0.69,0.85,0.77,0.85,0.08,0.54,0.31,0.46,0.77,0.85,0.54,1.0,1.0,0.38,0.54,0.54,1.0,0.42,0.62,0.54,0.77,0.54,0.54,10
20,3800,North,India,C India/ Central Tribal Area,Chhattisgarh,Dorla,Dravidian,Tribal,14.51,78.36,0.38,0.08,0.08,0.77,0.31,0.31,0.08,0.08,0.08,0.31,0.85,0.38,0.08,0.08,0.69,0.77,0.77,0.85,0.31,0.77,0.54,0.08,0.54,0.69,0.54,0.38,1.0,0.38,0.54,0.31,1.0,0.54,0.0,0.31,0.31,0.54,0.77,10
21,3801,North,India,C India/ Central Tribal Area,Chhattisgarh,Dorla,Dravidian,Tribal,24.61,80.48,0.46,0.08,0.08,1.0,0.31,0.31,0.08,0.08,0.08,0.54,0.85,0.38,0.08,0.08,0.69,0.92,0.54,0.23,0.69,0.31,0.54,0.46,0.77,0.85,0.77,0.69,1.0,0.38,1.0,0.54,1.0,0.31,0.62,0.54,0.77,0.77,0.77,10
22,3885,North,India,C India/ Central Tribal Area,Chhattisgarh,Muria Gond,Dravidian,Tribal,19.1,81.95,0.46,0.08,0.08,0.54,0.77,0.54,0.08,0.08,0.08,0.77,0.85,0.23,0.08,0.08,0.69,0.92,0.31,1.0,0.69,0.54,0.77,0.08,0.77,0.38,0.08,0.38,1.0,0.38,0.54,0.77,1.0,0.54,0.62,0.77,0.77,1.0,1.0,2
23,3886,North,India,C India/ Central Tribal Area,Chhattisgarh,Muria Gond,Dravidian,Tribal,19.1,81.95,0.5,0.69,0.5,1.0,0.77,0.77,0.88,0.77,1.0,0.77,0.85,0.23,0.46,0.69,0.69,0.69,0.77,0.85,0.08,0.54,0.77,0.46,0.54,0.85,0.77,0.69,0.38,0.38,1.0,0.77,1.0,0.77,0.62,0.77,0.54,0.31,0.77,2
24,411,North,India,C India/ Central Tribal Area,Maharashtra,Gond,Dravidian,Tribal,21.14,79.08,0.62,0.08,0.08,0.54,0.54,0.77,0.08,0.08,0.08,0.08,0.46,0.23,0.08,0.08,0.69,0.92,0.77,0.62,0.31,0.54,0.77,0.08,1.0,0.69,0.54,1.0,1.0,0.69,1.0,0.08,1.0,0.42,0.81,0.77,0.31,0.54,0.54,21
25,844,North,India,C India/ Central Tribal Area,Maharashtra,Gond,Dravidian,Tribal,21.14,79.08,0.69,0.23,0.46,0.54,0.54,0.77,0.54,0.54,1.0,0.54,0.85,0.23,0.46,0.54,0.08,0.92,0.54,1.0,0.08,0.31,0.77,0.08,1.0,0.69,0.77,1.0,1.0,1.0,1.0,0.54,1.0,0.54,0.35,0.42,0.42,0.54,0.31,21
26,846,North,India,C India/ Central Tribal Area,Maharashtra,Gond,Dravidian,Tribal,21.14,79.08,0.46,0.23,0.46,0.54,0.77,0.77,0.54,0.54,1.0,0.54,0.46,0.23,0.46,0.54,0.69,0.92,0.54,1.0,0.08,0.31,0.77,0.08,0.77,0.69,0.77,1.0,1.0,1.0,1.0,0.54,1.0,0.54,0.35,0.54,0.42,0.54,0.31,21
27,847,North,India,C India/ Central Tribal Area,Maharashtra,Gond,Dravidian,Tribal,21.14,79.08,0.69,0.23,0.46,0.54,0.77,0.77,0.54,0.54,0.77,0.54,0.46,0.23,0.46,0.54,0.69,0.46,0.54,0.69,0.31,0.31,0.54,0.08,1.0,0.69,0.54,1.0,1.0,1.0,1.0,0.54,1.0,0.54,0.35,0.42,0.42,0.54,0.31,21
28,848,North,India,C India/ Central Tribal Area,Maharashtra,Gond,Dravidian,Tribal,21.14,79.08,0.69,0.23,0.38,0.54,0.77,0.77,0.54,0.54,1.0,0.54,0.85,0.23,0.35,0.54,0.69,0.85,0.31,0.85,0.08,0.31,0.54,0.08,0.77,0.69,0.54,1.0,1.0,1.0,1.0,0.54,1.0,0.54,0.46,0.54,0.54,0.54,0.31,21
29,849,North,India,C India/ Central Tribal Area,Maharashtra,Gond,Dravidian,Tribal,21.14,79.08,0.69,0.23,0.38,0.54,0.77,0.77,1.0,0.54,1.0,0.54,0.46,0.23,0.35,0.85,0.69,0.92,0.54,0.85,0.08,0.54,0.54,0.08,0.77,0.77,0.77,1.0,1.0,1.0,0.54,0.54,1.0,0.54,0.35,0.42,0.54,0.54,0.31,21
30,850,North,India,C India/ Central Tribal Area,Maharashtra,Gond,Dravidian,Tribal,21.14,79.08,0.69,0.23,0.46,0.54,0.77,0.77,1.0,0.54,1.0,0.54,0.85,0.23,0.35,0.85,0.69,0.23,0.54,0.62,0.08,0.54,0.54,0.08,0.54,0.69,0.77,1.0,1.0,1.0,1.0,0.54,1.0,0.54,0.35,0.42,0.42,0.54,0.31,21
31,851,North,India,C India/ Central Tribal Area,Maharashtra,Gond,Dravidian,Tribal,21.14,79.08,0.69,0.23,0.46,0.54,0.77,0.77,1.0,0.54,1.0,0.54,0.85,0.23,0.35,0.85,0.69,0.38,0.54,0.62,0.08,0.54,0.54,0.08,0.54,0.69,0.77,1.0,1.0,1.0,1.0,0.54,1.0,0.54,0.35,0.42,0.42,0.54,0.31,21
32,852,North,India,C India/ Central Tribal Area,Maharashtra,Gond,Dravidian,Tribal,21.14,79.08,0.69,0.23,0.69,0.54,0.54,0.77,1.0,0.77,1.0,0.54,0.85,0.23,0.35,0.85,0.69,0.69,0.31,0.08,0.31,0.31,0.54,0.08,0.77,0.69,0.54,1.0,1.0,1.0,1.0,0.54,1.0,0.54,0.35,0.42,0.42,0.54,0.31,21
33,3797,North,India,C India/ Central Tribal Area,Maharashtra,Gond,Dravidian,Tribal,22.97,78.65,0.46,0.08,0.08,0.54,0.77,0.77,0.08,0.08,0.08,0.54,0.85,0.23,0.08,0.08,0.69,0.92,0.54,1.0,0.08,0.31,0.54,0.08,0.0,0.69,0.77,0.69,1.0,0.69,0.54,0.54,1.0,0.54,0.62,0.77,0.77,0.54,0.54,21
34,3853,North,India,C India/ Central Tribal Area,Maharashtra,Gond,Dravidian,Tribal,22.34,78.66,0.46,0.15,0.38,0.54,0.54,0.54,1.0,0.77,0.77,0.54,0.46,0.23,0.46,0.69,0.69,0.92,0.77,0.85,0.31,0.54,0.54,0.08,0.77,0.85,0.77,1.0,1.0,0.69,0.54,0.54,1.0,0.42,0.46,0.54,0.42,0.54,0.77,21
35,3854,North,India,C India/ Central Tribal Area,Maharashtra,Gond,Dravidian,Tribal,22.59,80.37,0.46,0.15,0.38,0.88,0.54,0.77,1.0,0.54,0.77,0.77,0.46,0.38,0.46,0.69,0.69,0.85,0.54,0.85,0.19,0.54,0.54,0.62,0.54,0.77,0.77,1.0,1.0,0.69,1.0,0.77,1.0,0.54,0.62,0.54,0.31,0.54,0.77,21
36,9842,North,India,C India/ Central Tribal Area,Maharashtra,Gond,Dravidian,Tribal,19.2,81.93,0.69,0.08,0.08,1.0,0.54,0.31,0.08,0.08,0.08,0.54,0.85,0.23,0.08,0.08,0.69,0.62,0.42,0.85,0.0,0.77,0.77,0.23,1.0,0.69,0.77,0.69,0.08,0.38,0.54,0.54,1.0,0.54,0.35,0.54,0.31,0.54,0.54,21
37,9843,North,India,C India/ Central Tribal Area,Maharashtra,Gond,Dravidian,Tribal,19.2,81.93,0.15,0.08,0.08,0.31,0.08,0.08,0.08,0.08,0.08,0.54,0.85,0.08,0.08,0.08,0.69,0.77,0.42,0.73,0.69,0.77,0.77,0.08,0.77,0.69,0.77,0.69,0.08,0.38,0.54,0.54,0.54,0.31,1.0,0.31,0.31,0.54,0.54,21
38,9844,North,India,C India/ Central Tribal Area,Maharashtra,Gond,Dravidian,Tribal,19.2,81.93,0.46,0.69,1.0,0.54,0.77,0.77,1.0,0.54,0.77,0.77,0.46,0.23,0.35,0.85,0.69,0.92,0.42,0.85,0.31,0.54,0.77,0.08,1.0,0.69,0.77,1.0,0.69,0.69,0.54,0.77,1.0,0.54,0.46,0.54,0.54,0.31,0.77,21
39,9845,North,India,C India/ Central Tribal Area,Maharashtra,Gond,Dravidian,Tribal,19.2,81.93,0.69,0.08,0.08,0.54,0.54,0.77,0.08,0.08,0.08,0.54,0.85,0.23,0.08,0.08,0.69,0.85,0.88,0.62,0.08,0.54,0.54,0.08,0.77,0.69,0.54,1.0,0.08,0.69,0.54,0.54,1.0,0.54,0.35,0.54,0.54,0.54,0.54,21
40,9846,North,India,C India/ Central Tribal Area,Maharashtra,Gond,Dravidian,Tribal,19.2,81.93,0.92,0.23,0.46,0.54,0.77,0.77,0.08,0.77,0.54,0.77,0.46,0.23,0.23,0.23,0.69,0.92,0.54,1.0,0.08,0.77,0.0,0.0,0.77,0.0,0.54,1.0,1.0,0.38,0.08,0.77,0.0,0.31,0.62,0.54,0.77,0.54,1.0,21
41,9847,North,India,C India/ Central Tribal Area,Maharashtra,Gond,Dravidian,Tribal,19.2,81.93,0.38,0.08,0.08,0.54,0.54,0.77,0.08,0.08,0.08,0.77,0.46,0.23,0.08,0.08,0.69,0.92,0.77,0.85,0.31,0.77,0.54,0.08,1.0,0.85,0.54,1.0,0.08,0.38,0.54,0.77,0.0,0.31,0.46,0.54,0.54,0.31,0.54,21
42,9848,North,India,C India/ Central Tribal Area,Maharashtra,Gond,Dravidian,Tribal,19.2,81.93,0.38,0.85,1.0,0.54,0.54,0.77,1.0,1.0,0.54,0.77,0.46,0.23,0.46,1.0,0.0,0.46,0.88,0.38,0.31,0.77,0.77,0.08,1.0,0.85,0.54,1.0,0.38,0.69,1.0,0.77,0.54,0.42,0.46,0.54,0.54,0.54,0.77,21
43,9849,North,India,C India/ Central Tribal Area,Maharashtra,Gond,Dravidian,Tribal,19.2,81.93,0.35,0.08,0.08,0.88,0.77,0.54,0.08,0.08,0.08,0.77,0.69,0.23,0.08,0.08,0.69,0.46,1.0,0.62,0.69,0.54,0.77,0.46,1.0,0.85,0.31,1.0,0.08,1.0,0.54,0.77,1.0,0.77,0.62,0.54,0.54,0.77,0.77,21
44,9850,North,India,C India/ Central Tribal Area,Maharashtra,Gond,Dravidian,Tribal,19.2,81.93,0.73,0.08,0.08,0.54,0.77,0.77,0.08,0.08,0.08,0.77,0.46,0.23,0.08,0.08,0.69,0.85,0.88,0.85,0.0,0.54,0.54,0.08,1.0,0.85,0.54,0.69,0.08,1.0,0.54,0.77,1.0,0.54,0.35,0.31,0.54,0.54,0.77,21
46,3802,North,India,C India/ Central Tribal Area,Malwa,Korku,Austroasiatic,Non-Tribal,21.77,78.17,0.46,0.15,0.15,1.0,0.54,0.77,0.31,0.08,0.08,0.54,0.85,0.38,0.46,0.08,0.69,0.85,0.54,0.85,0.69,0.54,0.77,0.46,0.77,0.69,0.31,0.69,1.0,0.69,1.0,0.54,1.0,0.77,0.46,0.31,0.31,0.77,0.77,10
47,3803,North,India,C India/ Central Tribal Area,Malwa,Korku,Austroasiatic,Non-Tribal,21.77,78.17,0.46,0.15,0.38,0.77,0.77,0.77,1.0,0.77,0.77,0.54,0.85,0.38,0.46,0.85,0.69,0.92,0.77,0.85,0.31,0.54,0.54,0.08,0.31,0.85,0.77,1.0,1.0,0.69,1.0,0.54,1.0,0.77,0.46,0.31,0.31,0.54,0.31,10
48,3804,North,India,C India/ Central Tribal Area,Malwa,Korku,Austroasiatic,Non-Tribal,21.77,78.17,0.81,0.15,0.38,0.77,0.54,0.54,1.0,0.77,0.77,0.77,0.85,0.31,0.46,0.85,0.69,0.92,0.54,1.0,0.31,0.54,0.31,0.08,0.54,0.85,0.77,1.0,1.0,0.38,1.0,0.77,1.0,0.54,0.46,0.42,0.42,0.54,0.42,10
49,3805,North,India,C India/ Central Tribal Area,Malwa,Korku,Austroasiatic,Non-Tribal,21.77,78.17,0.15,0.08,0.08,0.31,0.08,0.08,0.08,0.08,0.08,0.54,0.85,0.08,0.08,0.08,0.69,0.85,0.77,0.85,0.08,0.54,0.31,0.08,0.54,0.77,0.31,0.69,1.0,0.69,1.0,0.54,1.0,0.54,0.62,0.42,0.54,0.77,0.77,10
50,3806,North,India,C India/ Central Tribal Area,Malwa,Korku,Austroasiatic,Non-Tribal,21.77,78.17,0.15,0.08,0.08,0.31,0.08,0.08,0.08,0.08,0.08,0.54,0.85,0.08,0.08,0.08,0.69,0.85,0.54,1.0,0.69,0.31,0.54,0.08,0.77,0.85,0.31,0.69,1.0,0.69,1.0,0.54,1.0,0.54,0.62,0.54,0.54,0.54,0.77,10
51,3807,North,India,C India/ Central Tribal Area,Malwa,Korku,Austroasiatic,Non-Tribal,21.77,78.17,0.15,0.08,0.08,0.31,0.08,0.08,0.08,0.08,0.08,0.31,0.85,0.08,0.08,0.08,0.69,0.92,0.77,0.85,0.69,0.31,0.54,0.08,0.54,0.85,0.54,1.0,1.0,0.69,0.54,0.31,1.0,0.54,0.62,0.54,0.54,0.77,0.77,10
52,3808,North,India,C India/ Central Tribal Area,Malwa,Korku,Austroasiatic,Non-Tribal,21.77,78.17,0.46,0.08,0.08,0.77,0.54,0.31,0.08,0.08,0.08,0.54,0.85,0.38,0.08,0.08,0.69,0.85,0.54,1.0,0.31,0.31,0.31,0.08,0.31,0.69,0.54,0.69,1.0,0.69,0.54,0.54,0.54,0.77,0.62,0.31,0.54,0.54,0.77,10
53,3809,North,India,C India/ Central Tribal Area,Malwa,Korku,Austroasiatic,Non-Tribal,21.77,78.17,0.46,0.08,0.08,0.77,0.31,0.54,0.08,0.08,0.08,0.54,0.85,0.38,0.08,0.08,0.69,0.69,0.54,1.0,0.08,0.31,0.31,0.08,0.54,0.38,0.31,0.69,1.0,0.69,0.54,0.54,1.0,0.77,0.62,0.08,0.54,0.77,1.0,10
54,3810,North,India,C India/ Central Tribal Area,Malwa,Korku,Austroasiatic,Non-Tribal,21.77,78.17,0.15,0.08,0.08,0.31,0.08,0.08,0.08,0.08,0.08,0.77,0.85,0.08,0.08,0.08,0.69,0.85,0.77,0.81,0.85,0.31,0.54,0.08,0.77,0.69,0.42,0.69,1.0,0.69,1.0,0.77,1.0,0.54,0.62,0.31,0.54,0.42,0.54,10
55,3811,North,India,C India/ Central Tribal Area,Malwa,Korku,Austroasiatic,Non-Tribal,21.77,78.17,0.69,0.08,0.08,0.77,0.31,0.31,0.08,0.08,0.08,0.54,0.85,0.23,0.08,0.08,0.69,0.85,0.54,1.0,0.08,0.31,0.54,0.08,0.54,0.69,0.54,0.69,1.0,0.38,0.54,0.54,1.0,0.77,0.35,0.31,0.54,0.77,0.54,10
56,3820,North,India,E C India/ E Central Tribal Area,Chota Nagpur Plateau,Bhumij,Austroasiatic,Tribal,22.5,85.5,0.15,0.62,0.54,0.31,0.08,0.08,0.77,0.54,0.08,0.54,0.85,0.08,0.92,0.38,0.69,0.46,0.77,0.23,0.31,0.54,0.31,0.08,0.31,0.85,0.77,0.38,0.38,0.69,0.54,0.54,0.08,0.77,0.23,0.31,0.54,0.31,0.54,17
57,3821,North,India,E C India/ E Central Tribal Area,Chota Nagpur Plateau,Bhumij,Austroasiatic,Tribal,22.5,85.5,0.15,0.62,0.54,0.31,0.08,0.08,1.0,0.54,0.31,0.54,0.85,0.08,0.85,0.38,0.69,0.46,0.77,0.62,0.31,0.77,0.54,0.08,0.31,0.85,0.77,0.69,0.69,0.69,0.54,0.54,0.54,0.31,0.62,0.31,0.54,0.31,0.54,17
58,3822,North,India,E C India/ E Central Tribal Area,Chota Nagpur Plateau,Bhumij,Austroasiatic,Tribal,23.34,86.36,0.15,0.08,0.08,0.31,0.08,0.08,0.08,0.08,0.08,0.31,0.85,0.08,0.08,0.08,0.69,0.69,0.77,0.08,0.31,0.77,0.54,0.08,0.54,0.85,0.77,0.69,1.0,0.69,0.54,0.31,0.54,0.42,0.62,0.54,0.54,0.77,0.31,17
59,3823,North,India,E C India/ E Central Tribal Area,Chota Nagpur Plateau,Bhumij,Austroasiatic,Tribal,23.34,86.36,0.15,0.08,0.08,0.31,0.08,0.08,0.08,0.08,0.08,0.31,0.85,0.08,0.08,0.08,0.69,0.38,0.54,0.23,0.31,0.77,0.31,0.08,0.31,0.69,0.54,0.69,1.0,1.0,0.54,0.31,0.54,0.77,0.62,0.31,0.54,0.42,0.31,17
60,3824,North,India,E C India/ E Central Tribal Area,Chota Nagpur Plateau,Bhumij,Austroasiatic,Tribal,23.34,86.36,0.62,0.23,0.38,0.77,0.54,0.54,0.54,0.54,0.77,0.54,0.46,0.38,0.46,0.69,0.69,0.46,0.77,0.23,0.08,0.54,0.54,0.08,0.77,0.69,0.77,1.0,1.0,0.69,1.0,0.54,0.54,0.54,0.62,0.54,0.54,0.42,0.54,17
61,3825,North,India,E C India/ E Central Tribal Area,Chota Nagpur Plateau,Bhumij,Austroasiatic,Tribal,23.34,86.36,0.15,0.08,0.08,0.31,0.08,0.08,0.08,0.08,0.08,0.08,1.0,0.08,0.08,0.08,0.69,0.15,0.77,0.08,0.31,0.77,0.54,0.08,0.31,0.85,0.42,0.08,1.0,0.69,0.54,0.08,0.54,0.77,0.62,0.54,0.54,0.77,0.31,17
62,3826,North,India,E C India/ E Central Tribal Area,Chota Nagpur Plateau,Bhumij,Austroasiatic,Tribal,23.34,86.36,0.15,0.92,0.15,0.31,0.08,0.08,0.31,0.08,0.08,0.54,0.46,0.08,0.46,0.69,0.69,0.62,0.77,0.92,0.08,0.54,0.54,0.08,0.77,0.77,0.77,0.69,1.0,0.38,0.54,0.54,1.0,0.77,0.35,0.31,0.77,0.77,0.77,17
63,3827,North,India,E C India/ E Central Tribal Area,Chota Nagpur Plateau,Bhumij,Austroasiatic,Tribal,23.34,86.36,0.15,0.15,0.15,0.31,0.08,0.08,0.31,0.08,0.08,0.54,0.46,0.08,0.46,0.08,0.69,0.23,0.88,0.31,0.08,0.31,0.54,0.08,0.77,0.77,0.54,0.69,0.69,0.69,0.54,0.54,0.54,0.54,0.46,0.31,0.54,0.42,0.31,17
64,3828,North,India,E C India/ E Central Tribal Area,Chota Nagpur Plateau,Bhumij,Austroasiatic,Tribal,23.34,86.36,0.15,0.08,0.08,0.31,0.08,0.08,0.08,0.08,0.08,0.31,0.85,0.08,0.08,0.08,0.69,0.46,0.54,0.62,0.31,0.77,0.54,0.08,0.54,0.69,0.42,0.69,1.0,0.38,0.54,0.31,0.54,0.77,0.62,0.54,0.54,0.54,0.54,17
65,3829,North,India,E C India/ E Central Tribal Area,Chota Nagpur Plateau,Bhumij,Austroasiatic,Tribal,23.34,86.36,0.15,0.08,0.08,0.31,0.08,0.08,0.08,0.08,0.08,0.31,0.85,0.08,0.08,0.08,0.69,0.15,0.77,0.08,0.31,0.77,0.54,0.08,0.31,0.85,0.42,0.38,1.0,0.38,0.08,0.31,0.54,0.77,0.46,0.31,0.54,0.77,0.31,17
66,3836,North,India,E C India/ E Central Tribal Area,Chota Nagpur Plateau,Bhumij,Austroasiatic,Tribal,22.36,85.43,0.15,0.62,0.15,0.31,0.08,0.08,0.31,0.08,0.08,0.31,0.46,0.08,0.46,0.08,0.69,0.15,0.54,0.08,0.31,0.54,0.31,0.08,0.54,0.38,0.42,0.69,0.69,0.69,0.54,0.31,1.0,0.54,0.35,0.31,0.31,0.77,0.31,17
67,3837,North,India,E C India/ E Central Tribal Area,Chota Nagpur Plateau,Bhumij,Austroasiatic,Tribal,22.36,85.43,0.15,0.62,0.15,0.31,0.08,0.08,0.31,0.08,0.08,0.31,0.46,0.08,0.85,0.08,0.69,0.46,0.77,0.38,0.08,0.54,0.31,0.08,0.54,0.69,0.31,0.69,0.38,1.0,0.08,0.31,1.0,0.54,0.46,0.54,0.54,0.77,0.54,17
68,3838,North,India,E C India/ E Central Tribal Area,Chota Nagpur Plateau,Bhumij,Austroasiatic,Tribal,22.36,85.43,0.46,0.08,0.08,1.0,0.54,0.54,0.08,0.08,0.08,0.31,0.85,0.23,0.08,0.08,0.69,0.92,0.54,0.85,0.31,0.54,0.54,0.46,0.77,0.69,0.54,0.69,1.0,0.69,1.0,0.31,1.0,0.54,0.35,0.31,0.54,0.77,0.54,17
69,3839,North,India,E C India/ E Central Tribal Area,Chota Nagpur Plateau,Bhumij,Austroasiatic,Tribal,22.36,85.43,0.15,0.08,0.08,0.31,0.08,0.08,0.08,0.08,0.08,0.54,0.46,0.08,0.08,0.08,0.69,0.38,0.77,0.23,0.08,0.54,0.54,0.08,0.54,0.69,0.31,0.38,1.0,0.69,0.54,0.54,1.0,0.54,0.62,0.54,0.54,0.77,0.77,17
70,3840,North,India,E C India/ E Central Tribal Area,Chota Nagpur Plateau,Bhumij,Austroasiatic,Tribal,22.36,85.43,0.69,0.62,0.54,0.77,0.31,0.31,0.77,0.54,0.08,0.54,0.85,0.38,0.85,0.38,0.69,0.77,0.42,0.23,0.08,0.54,0.31,0.08,0.0,0.69,0.77,0.69,0.69,0.0,0.0,0.54,1.0,0.42,0.23,0.31,0.31,0.42,0.42,17
71,3841,North,India,E C India/ E Central Tribal Area,Chota Nagpur Plateau,Bhumij,Austroasiatic,Tribal,23.34,86.36,0.38,0.92,0.85,0.77,0.31,0.54,0.54,0.77,0.77,0.31,0.46,0.38,0.46,0.54,0.69,0.62,0.54,0.85,0.31,0.77,0.31,0.08,0.31,0.38,0.77,0.69,1.0,0.69,0.08,0.31,1.0,0.42,0.62,0.31,0.54,0.54,0.77,17
72,3843,North,India,E C India/ E Central Tribal Area,Chota Nagpur Plateau,Bhumij,Austroasiatic,Tribal,23.34,86.36,0.46,0.08,0.08,0.54,0.31,0.31,0.08,0.08,0.08,0.31,0.46,0.38,0.08,0.08,0.69,0.46,0.77,0.38,0.69,0.54,0.54,0.08,0.77,0.69,0.54,0.69,1.0,0.38,1.0,0.31,1.0,0.77,0.62,0.42,0.54,0.77,0.54,17
73,3847,North,India,E C India/ E Central Tribal Area,Chota Nagpur Plateau,Kurukh,Dravidian,Tribal,21.14,79.08,0.46,0.15,0.38,0.54,0.54,0.77,1.0,0.54,0.77,0.77,0.46,0.23,0.46,0.69,0.69,0.62,1.0,0.73,0.08,0.54,0.54,0.08,0.77,0.85,0.54,1.0,1.0,0.69,1.0,0.77,1.0,0.42,0.46,0.54,0.54,0.54,0.54,3
74,3848,North,India,E C India/ E Central Tribal Area,Chota Nagpur Plateau,Kurukh,Dravidian,Tribal,21.9,83.4,0.46,0.62,0.38,1.0,0.54,0.54,1.0,0.54,0.77,0.54,0.46,0.23,0.46,0.69,0.69,0.92,0.54,0.85,0.08,0.31,0.54,0.46,0.54,0.77,0.77,1.0,1.0,0.69,0.54,0.54,1.0,0.77,0.46,0.54,0.31,0.54,0.54,3
75,3849,North,India,E C India/ E Central Tribal Area,Chota Nagpur Plateau,Kurukh,Dravidian,Tribal,21.14,79.08,0.38,0.23,0.38,0.54,0.54,0.77,1.0,0.54,0.77,0.31,0.46,0.23,0.46,0.85,0.69,0.46,0.54,0.38,0.31,0.77,0.54,0.08,0.77,0.69,0.42,1.0,1.0,0.69,0.54,0.31,1.0,0.42,0.62,0.31,0.54,0.77,0.54,3
76,3830,North,India,E C India/ E Central Tribal Area,Chota Nagpur Plateau,Munda,Austroasiatic,Tribal,23.4,85.35,0.77,0.62,0.46,0.77,0.31,0.54,0.54,0.54,0.54,0.31,0.85,0.38,0.85,0.54,0.69,0.46,0.42,0.38,0.31,0.77,0.54,0.08,0.54,0.69,0.77,0.38,0.69,0.38,0.54,0.31,0.54,0.42,0.23,0.31,0.42,0.77,0.54,7
77,3831,North,India,E C India/ E Central Tribal Area,Chota Nagpur Plateau,Munda,Austroasiatic,Tribal,23.4,85.35,0.54,0.62,0.38,0.77,0.77,0.54,1.0,0.54,0.77,0.42,0.85,0.38,0.85,0.69,0.69,0.92,0.54,1.0,0.08,0.54,0.54,0.08,0.54,0.69,0.42,0.69,1.0,0.69,0.54,0.42,0.54,0.54,0.62,0.54,0.54,0.54,0.42,7
78,3832,North,India,E C India/ E Central Tribal Area,Chota Nagpur Plateau,Munda,Austroasiatic,Tribal,23.4,85.35,0.54,0.15,0.38,0.88,0.54,0.31,1.0,0.54,0.77,0.54,0.46,0.38,0.46,0.69,0.69,0.46,0.54,0.38,0.31,0.54,0.54,0.23,0.54,0.38,0.31,0.69,1.0,0.69,0.54,0.54,1.0,0.42,0.62,0.31,0.54,0.54,0.54,7
79,3833,North,India,E C India/ E Central Tribal Area,Chota Nagpur Plateau,Munda,Austroasiatic,Tribal,23.4,85.35,0.54,0.62,0.38,0.77,0.54,0.54,1.0,0.54,0.77,0.54,0.85,0.38,0.85,0.69,0.69,0.46,0.54,0.38,0.31,0.77,0.54,0.08,0.54,0.85,0.42,0.69,1.0,0.38,0.08,0.54,1.0,0.42,0.62,0.42,0.54,0.77,0.54,7
80,3834,North,India,E C India/ E Central Tribal Area,Chota Nagpur Plateau,Munda,Austroasiatic,Tribal,23.4,85.35,0.54,0.92,0.85,0.77,0.54,0.31,1.0,0.54,0.77,0.31,0.85,0.38,0.85,0.69,0.69,0.46,0.54,0.69,0.08,0.54,0.54,0.08,0.54,0.85,0.42,0.69,1.0,0.38,0.54,0.31,1.0,0.42,0.62,0.31,0.54,0.42,0.77,7
81,3835,North,India,E C India/ E Central Tribal Area,Chota Nagpur Plateau,Munda,Austroasiatic,Tribal,23.4,85.35,0.15,0.46,0.15,0.31,0.08,0.08,1.0,0.08,0.08,0.54,0.85,0.08,0.85,0.08,0.69,0.23,0.54,0.38,0.31,0.54,0.54,0.08,0.54,0.69,0.42,0.69,0.69,0.69,0.54,0.54,1.0,0.54,0.23,0.31,0.54,0.77,0.54,7
82,9606,North,India,E C India/ E Central Tribal Area,Chota Nagpur Plateau,Munda,Austroasiatic,Tribal,23.34,85.3,0.92,0.23,0.85,1.0,0.77,0.77,0.54,0.54,0.77,0.77,0.85,0.23,0.23,0.23,0.69,0.92,0.31,1.0,0.08,0.54,1.0,0.46,1.0,0.69,0.77,1.0,1.0,0.69,1.0,0.77,1.0,0.77,0.62,0.77,0.54,0.31,0.77,7
84,9872,North,India,Gangetic Plain,Bihar/ Uttar Pradesh,Bhojpuri,Indo-European,Tribal,25.88,84.29,0.15,0.23,0.38,0.31,0.08,0.08,1.0,0.54,0.54,0.08,0.69,0.08,0.69,1.0,0.69,0.46,0.77,0.62,0.08,0.54,0.31,0.08,0.31,0.69,0.54,0.69,0.85,0.69,0.08,0.08,0.54,0.54,0.46,0.31,0.77,0.77,0.54,11
85,9873,North,India,Gangetic Plain,Bihar/ Uttar Pradesh,Bhojpuri,Indo-European,Tribal,25.88,84.29,0.92,0.08,0.08,0.54,0.77,0.54,0.08,0.08,0.08,0.08,0.85,0.23,0.08,0.08,0.69,0.69,0.31,0.85,0.08,0.54,0.31,0.08,0.31,0.69,0.54,1.0,0.08,0.38,0.08,0.08,0.54,0.54,0.46,0.54,0.54,0.77,0.31,11
86,9874,North,India,Gangetic Plain,Bihar/ Uttar Pradesh,Bhojpuri,Indo-European,Tribal,25.88,84.29,0.92,0.08,0.08,0.54,0.77,0.54,0.08,0.08,0.08,0.54,0.85,0.23,0.08,0.08,0.69,0.85,0.31,0.85,0.08,0.54,0.54,0.08,0.54,0.69,0.54,0.69,0.08,0.69,0.54,0.54,1.0,0.54,0.46,0.54,0.54,0.54,0.31,11
87,9875,North,India,Gangetic Plain,Bihar/ Uttar Pradesh,Bhojpuri,Indo-European,Tribal,25.88,84.29,0.77,0.77,0.85,0.31,0.08,0.08,1.0,0.31,0.54,0.31,0.46,0.08,0.46,0.69,0.85,0.85,0.54,0.85,0.08,0.31,0.42,0.08,0.54,0.77,0.54,0.69,0.69,1.0,0.54,0.31,0.54,0.54,0.23,0.31,0.54,0.77,0.31,11
88,9876,North,India,Gangetic Plain,Bihar/ Uttar Pradesh,Bhojpuri,Indo-European,Tribal,25.88,84.29,0.85,1.0,0.85,0.77,0.77,0.77,1.0,0.54,1.0,0.77,0.46,0.23,0.46,0.85,0.69,0.69,0.77,0.85,0.08,0.54,0.54,0.08,1.0,0.77,0.77,0.69,0.69,1.0,1.0,0.77,1.0,0.42,0.46,0.31,0.54,0.31,0.54,11
89,9877,North,India,Gangetic Plain,Bihar/ Uttar Pradesh,Bhojpuri,Indo-European,Tribal,25.88,84.29,0.92,0.08,0.08,0.31,0.77,0.77,0.08,0.08,0.08,0.54,0.46,0.23,0.08,0.08,0.69,0.62,0.77,0.85,0.31,0.54,0.42,0.08,0.54,0.69,0.54,0.69,0.08,0.69,0.54,0.54,1.0,0.54,0.23,0.31,0.31,0.54,0.54,11
90,9878,North,India,Gangetic Plain,Bihar/ Uttar Pradesh,Bhojpuri,Indo-European,Tribal,25.88,84.29,0.15,0.08,0.08,0.31,0.08,0.08,0.08,0.08,0.08,0.08,1.0,0.08,0.08,0.08,0.85,0.08,0.42,0.0,0.69,0.31,0.31,0.08,0.31,0.38,0.77,0.08,0.08,0.38,0.54,0.08,0.54,0.42,0.35,0.54,0.54,0.77,0.31,11
91,9879,North,India,Gangetic Plain,Bihar/ Uttar Pradesh,Bhojpuri,Indo-European,Tribal,25.88,84.29,0.15,0.92,0.15,0.31,0.08,0.08,1.0,0.08,0.08,0.31,0.85,0.08,0.46,0.08,0.0,0.15,0.77,0.08,0.31,0.54,0.42,0.08,0.54,0.38,0.54,0.69,0.69,0.69,0.54,0.31,1.0,0.54,0.23,0.31,0.54,0.77,0.54,11
92,9880,North,India,Gangetic Plain,Bihar/ Uttar Pradesh,Bhojpuri,Indo-European,Tribal,25.88,84.29,0.15,0.92,0.15,0.31,0.08,0.08,1.0,0.08,0.08,0.54,1.0,0.08,0.46,0.08,0.85,0.77,0.77,0.85,0.31,0.77,0.77,0.08,0.54,0.38,0.31,0.69,1.0,0.0,0.08,0.54,1.0,0.54,0.23,0.31,0.31,0.77,0.77,11
93,9881,North,India,Gangetic Plain,Bihar/ Uttar Pradesh,Bhojpuri,Indo-European,Tribal,25.88,84.29,0.15,0.15,0.15,0.31,0.08,0.08,1.0,0.08,0.08,0.31,0.92,0.08,0.92,0.08,0.0,0.31,0.77,0.69,0.31,0.77,0.54,0.08,0.77,0.69,0.77,1.0,1.0,0.69,0.54,0.31,1.0,0.42,0.46,0.31,0.54,0.31,0.08,11
94,9882,North,India,Gangetic Plain,Bihar/ Uttar Pradesh,Bhojpuri,Indo-European,Tribal,25.88,84.29,0.62,0.81,0.62,0.77,0.54,0.54,0.88,0.54,1.0,0.08,1.0,0.38,1.0,0.85,0.69,0.15,0.77,0.08,0.08,0.54,0.31,0.0,0.31,0.77,0.77,0.69,0.69,0.69,0.08,0.08,0.54,0.42,0.23,0.31,0.54,0.77,0.31,11
95,9895,North,India,Gangetic Plain,Uttar Pradesh,Uttar Pradesh,Indo-European,Non-Tribal,26.84,80.94,0.73,0.85,0.85,0.54,0.54,0.77,1.0,0.54,1.0,0.77,1.0,0.23,1.0,0.85,0.69,0.62,0.77,0.85,0.69,0.77,0.31,0.08,0.31,0.69,0.77,0.69,0.69,0.69,0.54,0.77,0.54,0.42,0.46,0.31,0.31,0.31,0.31,9
96,9896,North,India,Gangetic Plain,Uttar Pradesh,Uttar Pradesh,Indo-European,Non-Tribal,25.26,83.0,0.77,1.0,0.85,0.77,0.54,0.54,1.0,0.31,0.77,0.54,0.46,0.23,0.46,0.85,0.85,0.77,0.77,0.85,0.08,0.77,0.54,0.08,0.54,0.69,0.77,0.69,0.69,0.69,0.54,0.54,1.0,0.77,0.46,0.31,0.54,0.77,0.54,9
97,9899,North,India,Gangetic Plain,Uttar Pradesh,Uttar Pradesh,Indo-European,Non-Tribal,26.84,80.94,0.77,0.77,0.15,0.77,0.54,0.77,1.0,0.08,0.08,0.54,0.85,0.23,0.46,0.08,0.69,0.85,0.54,0.92,0.08,0.31,0.54,0.0,0.54,0.38,0.31,1.0,1.0,0.69,0.54,0.54,1.0,0.77,0.46,0.31,0.54,0.77,0.31,9
98,9914,North,India,Gangetic Plain,Uttar Pradesh,Uttar Pradesh,Indo-European,Non-Tribal,26.44,80.33,0.46,0.08,0.08,0.54,0.77,0.54,0.08,0.08,0.08,0.31,0.69,0.23,0.08,0.08,0.69,0.46,0.42,0.23,0.31,0.77,0.54,0.08,0.54,0.69,0.0,0.0,0.0,0.38,0.08,0.31,1.0,0.77,0.35,0.42,0.42,0.54,0.31,9
99,9915,North,India,Gangetic Plain,Uttar Pradesh,Uttar Pradesh,Indo-European,Non-Tribal,26.33,79.64,0.77,1.0,0.85,0.54,0.54,0.54,1.0,0.77,0.77,0.77,0.46,0.23,0.46,0.85,0.69,0.62,0.42,0.85,0.08,0.54,0.42,0.08,0.54,0.69,0.54,0.69,0.69,0.69,0.54,0.77,1.0,0.54,0.46,0.54,0.54,0.54,0.54,9
100,9916,North,India,Gangetic Plain,Uttar Pradesh,Uttar Pradesh,Indo-European,Non-Tribal,26.24,81.25,0.46,0.92,0.85,0.54,0.54,0.54,1.0,0.54,0.77,0.77,0.46,0.23,0.46,0.85,0.69,0.85,0.77,1.0,0.31,0.54,0.54,0.08,1.0,0.85,0.54,1.0,1.0,0.69,0.54,0.77,1.0,0.54,0.46,0.54,0.31,0.54,0.54,9
101,9918,North,India,Gangetic Plain,Uttar Pradesh,Uttar Pradesh,Indo-European,Non-Tribal,25.31,82.97,0.85,0.15,0.85,0.54,0.54,0.54,1.0,0.54,0.77,0.77,0.46,0.23,0.46,0.85,0.69,0.38,0.77,0.62,0.31,0.54,0.54,0.08,0.31,0.85,0.54,0.69,1.0,0.38,0.08,0.77,1.0,0.42,0.23,0.08,0.31,0.54,0.54,9
102,9919,North,India,Gangetic Plain,Uttar Pradesh,Uttar Pradesh,Indo-European,Non-Tribal,26.95,80.21,0.85,0.23,0.85,0.77,0.54,0.77,1.0,0.54,0.77,0.77,0.46,0.23,0.46,0.85,0.85,0.77,0.54,0.85,0.08,0.54,0.54,0.08,0.77,0.85,0.77,0.69,0.69,0.69,0.54,0.77,1.0,0.42,0.35,0.31,0.31,0.54,0.54,9
103,9920,North,India,Gangetic Plain,Uttar Pradesh,Uttar Pradesh,Indo-European,Non-Tribal,25.31,82.97,0.15,0.92,0.15,0.31,0.08,0.08,0.31,0.08,0.08,0.31,0.85,0.08,0.85,0.08,0.0,0.15,0.77,0.08,0.31,0.54,0.54,0.08,0.54,0.85,0.54,0.69,0.69,0.69,0.54,0.31,0.0,0.42,0.23,0.31,0.31,0.54,0.54,9
104,752,North,India,Gangetic Plain,"Varanasi, Uttar Pradesh",Benares,Indo-European,Non-Tribal,25.13,82.56,0.31,0.62,0.15,0.31,0.08,0.08,0.31,0.08,0.08,0.08,1.0,0.08,1.0,0.08,1.0,0.31,0.31,0.38,0.85,0.77,0.31,0.08,0.54,0.38,0.77,0.08,0.08,0.08,1.0,0.08,0.08,0.31,0.08,0.08,0.08,0.31,0.31,7
105,1029,North,India,Gangetic Plain,"Varanasi, Uttar Pradesh",Benares,Indo-European,Non-Tribal,25.31,82.97,0.69,0.62,0.38,0.54,0.54,0.77,1.0,0.54,1.0,0.08,0.85,0.23,0.46,0.69,0.08,0.69,0.31,1.0,0.08,0.54,0.54,0.08,0.77,0.85,0.77,1.0,1.0,0.38,1.0,0.08,1.0,0.54,0.23,0.08,0.31,0.31,0.08,7
106,9897,North,India,Gangetic Plain,"Varanasi, Uttar Pradesh",Benares,Indo-European,Non-Tribal,26.84,80.94,0.77,0.85,0.73,0.77,0.54,0.77,1.0,0.31,1.0,0.54,0.46,0.23,0.46,0.85,0.69,0.35,0.77,0.85,0.31,0.77,0.31,0.08,0.54,0.69,0.77,0.69,0.69,0.69,0.54,0.54,1.0,0.77,0.35,0.31,0.42,0.77,0.31,7
107,9898,North,India,Gangetic Plain,"Varanasi, Uttar Pradesh",Benares,Indo-European,Non-Tribal,26.84,80.94,0.15,0.92,0.15,0.31,0.08,0.08,0.31,0.08,0.08,0.31,0.85,0.08,0.46,0.08,0.69,0.69,0.77,0.85,0.69,0.77,0.42,0.08,0.54,0.38,0.77,0.38,1.0,0.38,0.54,0.31,0.54,0.0,0.23,0.08,0.31,0.77,0.31,7
108,9900,North,India,Gangetic Plain,"Varanasi, Uttar Pradesh",Benares,Indo-European,Non-Tribal,26.84,80.94,0.15,0.92,0.15,0.31,0.08,0.08,1.0,0.08,0.08,0.54,0.85,0.08,0.85,0.08,0.0,0.15,0.31,0.08,0.69,0.77,0.54,0.08,0.31,0.69,0.77,0.38,0.69,0.38,0.54,0.54,0.54,0.77,0.35,0.31,0.08,0.77,0.31,7
109,9901,North,India,Gangetic Plain,"Varanasi, Uttar Pradesh",Benares,Indo-European,Non-Tribal,26.84,80.94,0.15,0.08,0.08,0.31,0.08,0.08,0.08,0.08,0.08,0.31,0.85,0.08,0.08,0.08,0.69,0.85,0.77,0.85,0.69,0.54,0.54,0.08,0.77,0.69,0.19,0.69,0.08,0.69,0.54,0.31,1.0,0.77,0.23,0.54,0.54,0.77,0.54,7
110,9913,North,India,Gangetic Plain,"Varanasi, Uttar Pradesh",Benares,Indo-European,Non-Tribal,26.84,80.94,0.62,0.85,0.85,0.77,0.54,0.77,1.0,0.54,0.54,0.54,0.46,0.23,0.46,0.85,0.69,0.15,0.42,0.08,0.31,0.77,0.42,0.08,0.31,0.69,0.77,0.69,0.69,0.69,0.54,0.54,0.54,0.77,0.23,0.31,0.31,0.54,0.54,7
111,753,North,India,N W India,Rajasthan,Rajasthan,Indo-European,Non-Tribal,27.02,74.21,0.15,0.69,0.54,0.31,0.08,0.08,0.77,1.0,0.54,0.08,0.46,0.08,0.46,0.69,0.69,0.08,0.54,0.08,0.31,0.54,0.31,0.08,0.31,0.69,0.31,1.0,1.0,0.08,1.0,0.08,1.0,0.77,0.62,0.77,0.54,0.77,0.54,8
112,754,North,India,N W India,Rajasthan,Rajasthan,Indo-European,Non-Tribal,23.91,87.52,0.15,0.62,0.54,0.31,0.08,0.08,1.0,0.54,0.77,0.08,0.69,0.08,0.69,0.69,0.69,0.08,0.08,0.08,0.08,0.77,0.31,0.08,0.08,0.69,0.77,0.08,0.08,0.38,0.08,0.08,0.08,0.31,0.08,0.31,0.77,0.54,0.54,8
113,1030,North,India,N W India,Rajasthan,Rajasthan,Indo-European,Non-Tribal,27.02,74.21,0.62,0.38,0.54,0.54,0.54,0.54,1.0,0.54,0.77,0.08,0.85,0.23,0.85,0.69,0.69,0.15,0.31,0.08,0.31,0.54,0.54,0.08,0.31,0.69,0.77,0.69,0.85,0.38,0.54,0.08,1.0,0.42,0.08,0.08,0.31,0.54,0.31,8
114,9921,North,India,N W India,Rajasthan,Rajasthan,Indo-European,Non-Tribal,27.02,74.21,0.15,0.77,0.15,0.31,0.08,0.08,1.0,0.08,0.08,0.31,1.0,0.08,1.0,0.08,0.69,0.31,0.31,0.62,0.31,0.77,0.31,0.08,0.31,0.38,0.54,0.08,0.08,0.38,0.08,0.31,0.08,0.31,0.46,0.08,0.54,0.31,0.54,8
115,9922,North,India,N W India,Rajasthan,Rajasthan,Indo-European,Non-Tribal,27.02,74.21,0.46,0.77,0.54,0.77,0.54,0.31,1.0,0.77,0.77,0.31,0.85,0.38,0.85,0.38,0.69,0.31,0.31,0.38,0.08,0.54,0.31,0.08,0.08,0.85,0.77,0.69,1.0,0.08,0.08,0.31,0.08,0.42,0.23,0.08,0.31,0.31,0.54,8
116,9923,North,India,N W India,Rajasthan,Rajasthan,Indo-European,Non-Tribal,27.02,74.21,0.15,0.77,0.15,0.31,0.08,0.08,1.0,0.08,0.08,0.31,0.92,0.08,0.92,0.08,0.69,0.15,0.42,0.08,0.31,0.77,0.31,0.08,0.31,0.38,0.54,0.69,0.69,0.38,0.08,0.31,0.54,0.42,0.23,0.31,0.31,0.31,0.31,8
117,9924,North,India,N W India,Rajasthan,Rajasthan,Indo-European,Non-Tribal,27.02,74.21,0.15,0.77,0.54,0.31,0.08,0.08,1.0,0.77,0.77,0.31,1.0,0.0,1.0,0.31,0.85,0.15,0.77,0.08,0.31,0.54,0.31,0.08,0.08,0.23,0.77,0.08,1.0,0.08,0.08,0.31,0.08,0.42,0.23,0.31,0.54,0.31,0.31,8
118,9925,North,India,N W India,Rajasthan,Rajasthan,Indo-European,Non-Tribal,27.02,74.21,0.92,0.15,0.85,0.77,0.31,0.54,1.0,0.54,0.77,0.77,0.23,0.23,0.46,0.69,0.69,0.62,0.77,0.85,0.31,0.31,0.31,0.08,0.54,0.69,0.54,1.0,1.0,0.38,0.54,0.77,0.54,0.54,0.46,0.54,0.31,0.31,0.54,8
122,3844,South,India,C India/ Central Tribal Area,Chhattisgarh/ Madhya Pradesh/ Maharashtra/ Telangana,Kolam,Dravidian,Tribal,15.91,79.74,0.69,0.15,0.38,0.54,0.31,0.54,1.0,0.77,0.77,0.77,0.85,0.38,0.46,0.85,0.69,0.23,0.54,0.08,0.31,0.54,0.54,0.08,0.31,0.85,0.77,1.0,1.0,0.69,1.0,0.77,0.54,0.42,0.23,0.31,0.54,0.54,0.77,3
123,3845,South,India,C India/ Central Tribal Area,Chhattisgarh/ Madhya Pradesh/ Maharashtra/ Telangana,Kolam,Dravidian,Tribal,15.91,79.74,0.69,0.77,0.38,0.54,0.54,0.54,1.0,0.54,0.31,0.77,0.85,0.23,0.85,0.69,0.69,0.92,0.77,1.0,0.31,0.54,0.54,0.08,0.54,0.85,0.77,0.69,0.69,0.69,1.0,0.77,1.0,0.42,0.23,0.31,0.54,0.54,0.54,3
124,3846,South,India,C India/ Central Tribal Area,Chhattisgarh/ Madhya Pradesh/ Maharashtra/ Telangana,Kolam,Dravidian,Tribal,15.91,79.74,0.62,0.92,0.38,0.77,0.31,0.31,1.0,0.31,0.77,0.54,0.85,0.38,0.46,0.85,0.69,0.23,0.77,0.08,0.31,0.54,0.54,0.08,0.54,0.69,0.42,0.69,1.0,0.38,0.54,0.54,0.54,0.54,0.62,0.31,0.54,0.77,0.31,3
126,972,South,India,Dravidian Deccan,N E Sri Lanka/ Tamil Nadu,Tamil People,Dravidian,Tribal,13.08,80.27,0.31,0.15,0.38,0.31,0.08,0.08,0.54,0.54,1.0,0.08,0.85,0.08,0.46,0.69,0.69,0.69,0.31,1.0,0.69,0.54,0.31,0.08,0.31,0.85,0.77,1.0,1.0,0.69,0.54,0.08,1.0,0.42,0.23,0.31,0.31,0.54,0.31,3
127,973,South,India,Dravidian Deccan,N E Sri Lanka/ Tamil Nadu,Tamil People,Dravidian,Tribal,13.08,80.27,0.62,0.62,0.38,0.42,0.54,0.54,1.0,0.54,1.0,0.08,0.46,0.23,0.46,0.69,0.69,0.23,0.31,0.08,0.08,0.77,0.31,0.08,0.31,0.85,0.77,1.0,1.0,0.69,0.54,0.08,1.0,0.42,0.35,0.31,0.31,0.54,0.31,3
128,9457,South,India,Dravidian Deccan,N E Sri Lanka/ Tamil Nadu,Tamil People,Dravidian,Tribal,13.08,80.27,0.15,1.0,0.85,0.31,0.08,0.08,0.54,0.54,0.77,0.31,0.69,0.08,0.69,1.0,0.69,0.08,0.54,0.08,0.69,0.54,0.31,0.08,0.31,0.38,0.31,0.69,1.0,0.69,0.08,0.31,0.54,0.77,0.23,0.31,0.54,0.77,0.54,3
129,748,South,India,Dravidian Deccan,Tamil Nadu,Madras,Dravidian,Non-Tribal,13.08,80.27,0.15,0.62,0.54,0.31,0.08,0.08,1.0,1.0,1.0,0.31,0.85,0.08,0.85,0.69,0.69,0.08,0.08,0.08,0.08,0.77,0.31,0.08,0.08,0.85,0.77,1.0,1.0,0.38,0.08,0.31,1.0,0.42,0.23,0.31,0.31,0.54,0.08,5
130,759,South,India,Dravidian Deccan,Tamil Nadu,Madras,Dravidian,Non-Tribal,13.08,80.27,0.62,0.62,0.62,0.54,0.54,0.77,1.0,0.54,1.0,0.54,0.46,0.23,0.69,0.69,0.69,0.92,0.31,1.0,0.08,0.31,0.31,0.08,0.54,0.85,0.54,1.0,1.0,0.69,1.0,0.54,0.54,0.54,0.23,0.31,0.31,0.54,0.31,5
131,760,South,India,Dravidian Deccan,Tamil Nadu,Madras,Dravidian,Non-Tribal,13.08,80.27,0.15,0.62,0.54,0.31,0.08,0.08,1.0,1.0,0.77,0.08,0.85,0.08,0.69,0.69,0.38,0.31,0.31,0.38,0.08,0.77,0.31,0.08,0.08,0.69,0.31,0.08,0.08,0.69,0.08,0.08,1.0,0.54,0.46,0.31,0.77,0.54,0.31,5
132,974,South,India,Dravidian Deccan,Tamil Nadu,Madras,Dravidian,Non-Tribal,13.08,80.27,0.54,0.62,0.46,0.77,0.77,0.31,0.54,1.0,0.08,0.08,1.0,0.38,0.08,0.08,0.69,0.08,0.08,0.08,0.69,0.77,0.31,0.08,0.08,0.08,0.31,0.08,1.0,0.38,0.08,0.08,1.0,0.77,0.35,0.08,0.54,0.77,0.31,5
133,8004,South,India,Dravidian Deccan,Tamil Nadu,Madras,Dravidian,Non-Tribal,13.08,80.27,0.15,0.0,0.85,0.31,0.08,0.08,0.88,0.0,1.0,0.77,0.85,0.08,0.69,0.85,0.69,0.42,0.54,0.85,0.69,0.54,0.31,0.08,0.08,0.69,0.54,0.38,1.0,0.38,0.08,0.77,0.08,0.54,0.23,0.31,0.54,0.54,1.0,5
134,758,South,India,E C India/ E Central Tribal Area,Andhra Pradesh,Andhra Pradesh,Dravidian,Tribal,15.91,79.74,0.15,0.62,0.62,0.31,0.08,0.08,1.0,1.0,1.0,0.08,0.46,0.08,0.46,0.69,0.69,0.77,0.54,1.0,0.08,0.31,0.31,0.08,0.08,0.69,0.31,0.69,0.69,0.08,0.08,0.08,1.0,0.54,0.46,0.08,0.31,0.54,0.31,3
135,3752,South,India,E C India/ E Central Tribal Area,Andhra Pradesh,Andhra Pradesh,Dravidian,Tribal,15.91,79.74,0.15,0.77,0.38,0.31,0.08,0.08,1.0,0.54,1.0,0.08,0.69,0.08,0.69,0.69,0.69,0.08,0.77,0.08,0.69,0.77,0.31,0.08,0.08,0.38,0.42,1.0,1.0,0.38,0.54,0.08,0.08,0.77,0.77,0.31,0.77,0.54,0.08,3
136,3753,South,India,E C India/ E Central Tribal Area,Andhra Pradesh,Andhra Pradesh,Dravidian,Tribal,17.39,78.46,0.15,0.15,0.38,0.31,0.08,0.08,1.0,0.54,0.77,0.08,0.46,0.08,0.46,0.46,0.69,0.08,0.54,0.08,0.31,0.77,0.31,0.08,0.31,0.69,0.54,1.0,1.0,0.38,1.0,0.08,1.0,0.77,0.62,0.08,0.54,0.77,0.31,3
137,3814,South,India,E C India/ E Central Tribal Area,Andhra Pradesh,Koya,Dravidian,Tribal,16.87,80.92,0.46,0.08,0.08,0.77,0.54,0.54,0.08,0.08,0.08,0.54,0.46,0.38,0.08,0.08,0.69,0.46,0.88,0.62,0.69,0.77,0.54,0.08,0.77,0.85,0.54,0.69,1.0,0.69,1.0,0.54,1.0,0.77,0.46,0.31,0.31,0.54,0.77,4
138,3815,South,India,E C India/ E Central Tribal Area,Andhra Pradesh,Koya,Dravidian,Tribal,16.87,80.92,0.38,0.08,0.08,0.54,0.54,0.54,0.08,0.08,0.08,0.54,0.46,0.23,0.08,0.08,0.69,0.46,1.0,0.23,0.08,0.77,0.54,0.08,0.77,0.85,0.42,0.69,1.0,0.69,1.0,0.54,1.0,0.42,0.62,0.42,0.54,0.54,0.77,4
139,3816,South,India,E C India/ E Central Tribal Area,Andhra Pradesh,Koya,Dravidian,Tribal,16.87,80.92,0.46,0.08,0.08,0.54,0.77,0.77,0.08,0.08,0.08,0.77,0.85,0.23,0.08,0.08,0.69,0.38,0.88,0.62,0.08,0.77,0.54,0.08,0.77,0.85,0.31,0.69,1.0,0.69,1.0,0.77,1.0,0.42,0.62,0.54,0.77,0.54,0.77,4
140,3817,South,India,E C India/ E Central Tribal Area,Andhra Pradesh,Koya,Dravidian,Tribal,16.87,80.92,0.38,0.08,0.08,0.54,0.54,0.54,0.08,0.08,0.08,0.54,0.85,0.23,0.08,0.08,0.69,0.23,0.88,0.08,0.69,0.54,0.54,0.08,0.77,0.85,0.77,0.69,1.0,0.38,0.54,0.54,0.54,0.77,0.62,0.31,0.31,0.54,0.42,4
141,3790,South,India,E C India/ E Central Tribal Area,Andhra Pradesh/ Odisha,Gadaba,Dravidian,Tribal,21.77,84.36,0.46,0.08,0.08,0.77,0.77,0.54,0.08,0.08,0.08,0.54,0.85,0.38,0.08,0.08,0.69,0.38,0.77,0.38,0.31,0.77,1.0,0.08,0.0,0.85,0.77,1.0,1.0,0.38,0.54,0.54,1.0,0.77,0.62,0.0,0.0,0.54,0.77,10
142,3791,South,India,E C India/ E Central Tribal Area,Andhra Pradesh/ Odisha,Gadaba,Dravidian,Tribal,21.77,84.36,0.46,0.08,0.08,1.0,0.0,0.54,0.08,0.08,0.08,0.31,0.85,0.23,0.08,0.08,0.69,0.92,0.54,1.0,0.08,0.77,0.77,0.46,0.77,0.69,0.77,0.69,1.0,0.69,1.0,0.31,1.0,0.77,0.62,0.54,0.42,0.77,0.31,10
143,3792,South,India,E C India/ E Central Tribal Area,Andhra Pradesh/ Odisha,Gadaba,Dravidian,Tribal,21.77,84.36,0.54,0.08,0.08,0.65,0.31,0.54,0.08,0.08,0.08,0.77,0.85,0.38,0.08,0.08,0.69,0.69,0.65,0.85,0.08,0.54,0.31,0.46,0.54,0.69,0.42,0.38,1.0,0.38,0.54,0.08,1.0,0.77,0.54,0.42,0.54,0.54,0.54,10
144,3793,South,India,E C India/ E Central Tribal Area,Andhra Pradesh/ Odisha,Gadaba,Dravidian,Tribal,18.56,82.97,0.38,0.08,0.08,0.77,0.77,0.54,0.08,0.08,0.08,0.31,0.85,0.31,0.08,0.08,0.69,0.92,0.88,0.85,0.69,0.77,1.0,0.08,0.54,0.85,0.31,0.69,1.0,0.38,0.54,0.31,1.0,0.77,0.77,0.77,0.77,0.77,0.54,10
145,3794,South,India,E C India/ E Central Tribal Area,Andhra Pradesh/ Odisha,Gadaba,Dravidian,Tribal,18.56,82.97,0.38,0.08,0.08,0.77,0.31,0.31,0.08,0.08,0.08,0.54,0.85,0.38,0.08,0.08,0.69,0.92,0.77,0.85,0.85,0.54,0.54,0.08,0.77,0.85,0.31,0.69,1.0,0.69,1.0,0.54,0.54,0.54,0.62,0.77,0.77,0.77,0.54,10
146,3795,South,India,E C India/ E Central Tribal Area,Andhra Pradesh/ Odisha,Gadaba,Dravidian,Tribal,18.56,82.97,0.38,0.08,0.08,1.0,0.31,0.31,0.08,0.08,0.08,0.54,0.85,0.31,0.08,0.08,0.69,0.85,0.77,1.0,0.08,1.0,0.54,0.46,0.54,0.85,0.77,0.69,1.0,0.69,1.0,0.54,1.0,0.54,0.62,0.31,0.42,0.77,0.54,10
147,3796,South,India,E C India/ E Central Tribal Area,Andhra Pradesh/ Odisha,Gadaba,Dravidian,Tribal,18.56,82.97,0.38,0.15,0.38,1.0,0.77,0.54,0.54,0.54,0.77,0.54,0.46,0.23,0.46,0.69,0.69,0.46,0.77,0.62,0.31,0.54,0.54,0.46,0.54,0.85,0.54,1.0,1.0,0.69,1.0,0.54,1.0,0.54,0.62,0.54,0.54,0.77,0.54,10
148,3842,South,India,E C India/ E Central Tribal Area,Andhra Pradesh/ Odisha,Gadaba,Dravidian,Tribal,21.77,84.36,0.5,0.08,0.08,1.0,0.77,0.31,0.08,0.08,0.08,0.77,0.92,0.23,0.08,0.08,0.69,0.77,0.54,1.0,0.31,0.54,0.77,0.46,0.54,0.69,0.77,0.69,1.0,0.38,1.0,0.77,1.0,1.0,0.62,0.42,0.54,0.77,0.31,10
149,4012,South,India,E C India/ E Central Tribal Area,Andhra Pradesh/ Odisha,Gadaba,Dravidian,Tribal,20.29,85.82,0.5,0.62,0.38,1.0,0.31,0.31,0.54,0.31,0.54,0.77,0.46,0.38,1.0,0.23,0.69,0.65,0.77,1.0,0.69,0.77,0.77,0.23,1.0,0.69,0.77,0.69,0.69,1.0,1.0,0.77,1.0,0.77,0.62,0.31,0.77,0.42,0.54,10
150,4013,South,India,E C India/ E Central Tribal Area,Andhra Pradesh/ Odisha,Gadaba,Dravidian,Tribal,20.29,85.82,0.77,0.08,0.08,0.77,0.31,0.31,0.08,0.08,0.08,0.31,0.69,0.38,0.08,0.08,0.69,0.77,0.31,0.85,0.08,0.54,0.31,0.08,0.31,0.69,0.77,0.69,1.0,0.69,1.0,0.31,1.0,0.54,0.62,0.31,0.77,0.42,0.77,10
151,4001,South,India,E C India/ E Central Tribal Area,Andhra Pradesh/ Odisha,Hill Saora,Austroasiatic,Tribal,19.15,84.22,0.15,0.08,0.08,0.31,0.08,0.08,0.08,0.08,0.08,0.54,0.85,0.08,0.08,0.08,0.69,0.85,0.77,0.62,0.08,0.54,0.77,0.08,0.77,0.69,0.42,0.69,1.0,0.69,1.0,0.54,1.0,0.77,0.35,0.08,0.08,0.42,0.08,13
152,4002,South,India,E C India/ E Central Tribal Area,Andhra Pradesh/ Odisha,Hill Saora,Austroasiatic,Tribal,19.15,84.22,0.15,0.08,0.08,0.31,0.08,0.08,0.08,0.08,0.08,0.54,0.85,0.08,0.08,0.08,0.69,0.85,0.77,0.85,0.31,0.54,0.54,0.08,0.77,0.69,0.77,0.69,1.0,1.0,1.0,0.54,1.0,0.54,0.62,0.08,0.42,0.54,0.42,13
153,4003,South,India,E C India/ E Central Tribal Area,Andhra Pradesh/ Odisha,Hill Saora,Austroasiatic,Tribal,19.15,84.22,0.38,0.08,0.08,0.77,0.31,0.54,0.08,0.08,0.08,0.54,0.69,0.23,0.08,0.08,0.69,0.92,0.88,0.85,0.08,0.31,0.31,0.08,0.77,0.85,0.31,1.0,1.0,1.0,1.0,0.54,1.0,0.54,0.62,0.54,0.77,0.77,0.77,13
154,4004,South,India,E C India/ E Central Tribal Area,Andhra Pradesh/ Odisha,Hill Saora,Austroasiatic,Tribal,19.15,84.22,0.15,0.62,0.54,0.31,0.08,0.08,0.88,0.31,0.77,0.31,0.46,0.08,0.46,0.69,0.69,0.69,0.88,0.08,0.08,0.31,0.54,0.08,0.77,0.85,0.31,0.69,1.0,0.69,1.0,0.31,1.0,0.54,0.46,0.08,0.31,0.54,0.77,13
155,4005,South,India,E C India/ E Central Tribal Area,Andhra Pradesh/ Odisha,Hill Saora,Austroasiatic,Tribal,19.15,84.22,0.15,0.15,0.15,0.31,0.08,0.08,0.31,0.08,0.08,0.31,0.46,0.08,0.23,0.08,0.69,0.62,0.77,0.85,0.08,0.31,0.54,0.08,0.77,0.69,0.77,0.69,1.0,1.0,1.0,0.31,1.0,0.77,0.23,0.08,0.08,0.54,0.77,13
156,4006,South,India,E C India/ E Central Tribal Area,Andhra Pradesh/ Odisha,Hill Saora,Austroasiatic,Tribal,19.15,84.22,0.15,0.08,0.08,0.31,0.08,0.08,0.08,0.08,0.08,0.54,0.85,0.08,0.08,0.08,0.69,0.77,0.54,0.85,0.31,0.31,0.19,0.08,1.0,0.85,0.54,1.0,1.0,1.0,1.0,0.54,1.0,0.77,0.46,0.31,0.31,0.31,0.31,13
157,4007,South,India,E C India/ E Central Tribal Area,Andhra Pradesh/ Odisha,Hill Saora,Austroasiatic,Tribal,19.15,84.22,0.15,0.08,0.08,0.31,0.08,0.08,0.08,0.08,0.08,0.54,0.85,0.08,0.08,0.08,0.69,0.69,0.77,0.85,0.08,0.54,0.54,0.08,0.77,0.69,0.77,0.69,1.0,1.0,1.0,0.54,1.0,0.77,0.46,0.31,0.54,0.42,0.31,13
158,4008,South,India,E C India/ E Central Tribal Area,Andhra Pradesh/ Odisha,Hill Saora,Austroasiatic,Tribal,19.15,84.22,0.15,0.08,0.08,0.31,0.08,0.08,0.08,0.08,0.08,0.77,0.85,0.08,0.08,0.08,0.69,0.69,0.77,0.85,0.08,0.31,0.31,0.08,0.54,0.69,0.31,0.69,1.0,0.69,1.0,0.77,1.0,0.54,0.46,0.08,0.42,0.77,0.77,13
159,4009,South,India,E C India/ E Central Tribal Area,Andhra Pradesh/ Odisha,Hill Saora,Austroasiatic,Tribal,19.15,84.22,0.15,0.77,0.15,0.31,0.08,0.08,0.31,0.08,0.08,0.54,0.46,0.08,0.46,0.08,0.69,0.69,0.88,0.73,0.08,0.54,0.54,0.08,0.77,0.69,0.31,1.0,1.0,0.69,1.0,0.54,1.0,0.54,0.23,0.31,0.54,0.54,0.77,13
160,4010,South,India,E C India/ E Central Tribal Area,Andhra Pradesh/ Odisha,Hill Saora,Austroasiatic,Tribal,19.15,84.22,0.15,0.08,0.08,0.31,0.08,0.08,0.08,0.08,0.08,0.31,0.85,0.08,0.08,0.08,0.85,0.92,0.77,0.85,0.69,0.54,1.0,0.08,0.77,0.69,0.42,0.69,1.0,0.69,1.0,0.31,1.0,0.77,0.46,0.08,0.42,0.54,0.54,13
161,9889,South,India,E C India/ E Central Tribal Area,Andhra Pradesh/ Odisha,Hill Saora,Austroasiatic,Tribal,19.58,84.68,0.46,0.62,0.54,0.88,0.77,0.54,0.88,1.0,0.31,0.54,0.85,1.0,0.23,1.0,0.69,0.85,0.77,1.0,0.08,0.31,0.77,1.0,0.54,0.85,0.42,0.69,0.08,0.69,1.0,0.54,0.08,0.54,0.35,0.54,0.77,0.54,0.31,13
162,9890,South,India,E C India/ E Central Tribal Area,Andhra Pradesh/ Odisha,Hill Saora,Austroasiatic,Tribal,19.58,84.68,0.15,0.62,0.15,0.31,0.08,0.08,0.31,0.08,0.08,0.54,0.85,0.08,0.85,0.08,0.0,0.85,0.77,0.73,0.08,0.54,0.54,0.08,0.77,0.85,0.54,0.69,0.69,0.0,0.54,0.54,1.0,0.54,0.46,0.31,0.54,0.31,0.31,13
163,9891,South,India,E C India/ E Central Tribal Area,Andhra Pradesh/ Odisha,Hill Saora,Austroasiatic,Tribal,19.58,84.68,0.92,0.92,0.85,0.77,0.54,0.54,1.0,0.54,1.0,0.54,0.46,0.23,0.46,0.85,0.69,0.23,0.77,0.08,0.31,0.54,0.54,0.08,0.54,0.85,0.54,1.0,1.0,0.69,0.54,0.54,0.54,0.54,0.23,0.54,0.31,0.31,0.31,13
164,3812,South,India,E C India/ E Central Tribal Area,Andhra Pradesh/ Odisha,Konda-Dora,Dravidian,Tribal,18.56,82.97,0.15,0.92,0.54,0.31,0.08,0.08,0.77,0.54,0.77,0.31,0.85,0.08,0.46,0.46,0.69,0.54,0.54,0.85,0.08,0.77,0.31,0.08,0.31,0.85,0.54,0.69,0.38,0.69,1.0,0.31,1.0,0.54,0.23,0.31,0.54,0.77,0.54,2
165,3813,South,India,E C India/ E Central Tribal Area,Andhra Pradesh/ Odisha,Konda-Dora,Dravidian,Tribal,18.56,82.97,0.46,0.08,0.08,1.0,0.77,0.54,0.08,0.08,0.08,0.54,0.85,0.38,0.08,0.08,0.69,0.23,0.77,0.08,0.08,0.54,0.54,0.46,0.54,0.69,0.42,0.69,1.0,0.69,1.0,0.54,1.0,0.42,0.62,0.54,0.54,0.77,0.54,2
166,9892,South,India,E C India/ E Central Tribal Area,Odisha,Bonda,Austroasiatic,Tribal,18.55,82.73,0.35,0.15,0.15,0.77,0.54,0.77,0.31,0.08,0.08,0.77,0.46,0.23,0.23,0.08,0.69,0.85,0.54,1.0,0.08,0.31,0.31,0.08,0.77,0.85,0.54,0.69,0.08,0.38,0.54,0.77,1.0,0.77,0.23,0.31,0.08,0.31,0.54,3
167,9893,South,India,E C India/ E Central Tribal Area,Odisha,Bonda,Austroasiatic,Tribal,18.55,82.73,0.38,0.15,0.15,0.77,0.54,0.77,0.31,0.08,0.08,0.54,0.46,0.23,0.23,0.08,0.69,0.77,0.42,0.85,0.08,0.31,0.77,0.08,1.0,0.85,0.54,1.0,0.08,0.69,0.54,0.54,1.0,0.54,0.35,0.54,0.54,0.54,0.54,3
168,9894,South,India,E C India/ E Central Tribal Area,Odisha,Bonda,Austroasiatic,Tribal,18.55,82.73,0.5,0.62,0.15,0.77,0.54,0.54,0.31,0.08,0.08,0.31,0.85,0.23,0.23,0.08,0.69,0.85,0.54,1.0,0.08,0.31,0.77,0.27,0.88,0.69,0.54,0.69,1.0,0.38,0.54,0.31,1.0,0.54,0.62,0.54,0.54,0.54,0.54,3
170,4091,South,India,E C India/ E Central Tribal Area,Odisha,Oriya,Indo-European,Tribal,20.95,85.09,0.15,0.08,0.08,0.31,0.08,0.08,0.08,0.08,0.08,0.31,1.0,0.08,0.08,0.08,0.85,0.77,0.54,0.85,0.08,0.54,0.31,0.08,0.08,0.23,0.77,0.08,1.0,0.38,0.54,0.31,0.54,0.42,0.77,0.42,0.54,0.42,0.31,10
171,4092,South,India,E C India/ E Central Tribal Area,Odisha,Oriya,Indo-European,Tribal,20.95,85.09,0.15,0.08,0.08,0.31,0.08,0.08,0.08,0.08,0.08,0.08,0.85,0.08,0.08,0.08,0.69,0.38,0.77,0.38,0.08,0.77,0.54,0.08,0.54,0.38,0.31,0.38,1.0,0.69,0.54,0.08,1.0,0.77,0.62,0.42,0.54,0.54,0.31,10
172,4093,South,India,E C India/ E Central Tribal Area,Odisha,Oriya,Indo-European,Tribal,20.95,85.09,0.15,0.08,0.08,0.31,0.08,0.08,0.08,0.08,0.08,0.31,0.69,0.08,0.08,0.08,0.69,0.54,0.77,0.85,0.31,0.54,0.31,0.08,0.54,0.69,0.31,0.69,1.0,0.69,0.54,0.31,1.0,0.54,0.62,0.42,0.42,0.54,0.31,10
173,4094,South,India,E C India/ E Central Tribal Area,Odisha,Oriya,Indo-European,Tribal,20.95,85.09,0.15,0.08,0.08,0.31,0.08,0.08,0.08,0.08,0.08,0.31,0.46,0.08,0.08,0.08,0.69,0.92,0.88,0.85,0.08,0.31,0.54,0.08,0.54,0.69,0.54,0.69,1.0,0.69,1.0,0.31,1.0,0.54,0.23,0.31,0.54,0.54,0.77,10
174,4095,South,India,E C India/ E Central Tribal Area,Odisha,Oriya,Indo-European,Tribal,20.95,85.09,0.15,0.08,0.08,0.31,0.08,0.08,0.08,0.08,0.08,0.31,0.92,0.08,0.08,0.08,0.69,0.62,0.77,0.85,0.31,0.54,0.31,0.08,0.54,0.85,0.54,0.69,1.0,0.69,0.54,0.31,1.0,0.54,0.23,0.31,0.77,0.54,0.31,10
175,4096,South,India,E C India/ E Central Tribal Area,Odisha,Oriya,Indo-European,Tribal,20.95,85.09,0.15,0.08,0.08,0.31,0.08,0.08,0.08,0.08,0.08,0.54,0.85,0.08,0.08,0.08,0.69,0.77,0.88,0.85,0.31,0.77,0.54,0.08,0.54,0.69,0.31,0.69,1.0,0.69,0.54,0.54,1.0,0.54,0.62,0.54,0.77,0.54,0.31,10
176,4097,South,India,E C India/ E Central Tribal Area,Odisha,Oriya,Indo-European,Tribal,20.95,85.09,0.15,0.08,0.08,0.31,0.08,0.08,0.08,0.08,0.08,0.54,0.85,0.08,0.08,0.08,0.69,0.54,0.77,0.85,0.08,0.54,0.31,0.08,0.31,0.69,0.54,0.69,1.0,0.69,1.0,0.54,1.0,0.77,0.62,0.31,0.54,0.54,0.31,10
177,4098,South,India,E C India/ E Central Tribal Area,Odisha,Oriya,Indo-European,Tribal,20.95,85.09,0.15,0.08,0.08,0.31,0.08,0.08,0.08,0.08,0.08,0.31,0.46,0.08,0.08,0.08,0.69,0.46,0.77,0.62,0.31,0.54,0.54,0.08,0.77,0.69,0.54,0.69,1.0,1.0,1.0,0.31,1.0,0.77,0.62,0.54,0.77,0.54,0.31,10
178,4099,South,India,E C India/ E Central Tribal Area,Odisha,Oriya,Indo-European,Tribal,20.95,85.09,0.15,0.62,0.15,0.31,0.08,0.08,0.31,0.08,0.08,0.31,1.0,0.08,1.0,0.08,0.69,0.54,0.77,0.85,0.31,0.31,0.31,0.08,0.77,0.85,0.54,0.69,1.0,0.69,0.54,0.31,1.0,0.42,0.08,0.08,0.31,0.54,0.77,10
179,4100,South,India,E C India/ E Central Tribal Area,Odisha,Oriya,Indo-European,Tribal,20.95,85.09,0.15,0.08,0.08,0.31,0.08,0.08,0.08,0.08,0.08,0.31,0.46,0.08,0.08,0.08,0.69,0.77,0.77,0.85,0.31,0.54,0.54,0.08,0.54,0.38,0.42,0.69,1.0,0.69,1.0,0.31,1.0,0.77,0.23,0.31,0.31,0.54,0.31,10
180,9885,South,India,E C India/ E Central Tribal Area,Odisha,Paroja,Indo-European,Tribal,18.85,82.73,0.38,0.23,1.0,0.77,0.54,0.77,0.54,1.0,1.0,0.77,0.46,0.23,0.35,0.85,0.85,0.85,0.54,1.0,0.31,0.54,0.31,0.08,0.54,0.85,0.77,1.0,1.0,0.69,0.54,0.77,1.0,0.42,0.35,0.31,0.31,0.31,0.54,4
181,9886,South,India,E C India/ E Central Tribal Area,Odisha,Paroja,Indo-European,Tribal,18.85,82.73,0.92,0.23,1.0,0.77,0.54,1.0,1.0,0.54,1.0,0.54,0.35,0.23,0.35,0.85,0.0,0.62,0.77,0.85,0.08,0.77,0.54,0.08,0.77,0.85,0.77,1.0,1.0,0.38,0.54,0.54,1.0,0.77,0.23,0.31,0.54,0.31,0.77,4
182,9887,South,India,E C India/ E Central Tribal Area,Odisha,Paroja,Indo-European,Tribal,18.85,82.73,0.38,0.08,0.08,0.88,0.77,1.0,0.08,0.08,0.08,0.54,0.85,0.23,0.08,0.08,0.85,0.69,0.77,0.85,0.08,0.77,0.54,0.35,0.54,0.85,0.42,1.0,0.08,0.69,0.54,0.54,1.0,0.77,0.35,0.31,0.77,0.31,0.54,4
183,9888,South,India,E C India/ E Central Tribal Area,Odisha,Paroja,Indo-European,Tribal,18.32,82.87,0.77,0.69,0.15,0.88,0.77,0.77,1.0,0.31,1.0,0.54,0.46,0.23,0.35,0.85,0.85,0.85,0.77,1.0,0.31,0.54,0.54,0.23,0.54,0.85,0.77,0.69,0.69,0.69,0.54,0.54,0.54,0.77,0.23,0.31,0.54,0.31,0.54,4
184,1843,South,India,Western Ghats,Kerala,Kerala,Dravidian,Non-Tribal,8.52,76.93,0.69,0.23,0.38,0.54,0.54,1.0,1.0,0.77,1.0,0.54,0.46,0.23,0.46,0.69,0.69,0.23,0.54,0.08,0.31,0.31,0.31,0.08,0.54,0.69,0.77,1.0,1.0,0.69,0.54,0.54,0.54,0.31,0.23,0.31,0.54,0.31,0.54,14
185,1844,South,India,Western Ghats,Kerala,Kerala,Dravidian,Non-Tribal,8.52,76.93,0.46,0.23,0.46,0.54,0.54,0.77,1.0,0.77,1.0,0.54,0.46,0.23,0.46,0.69,0.69,0.23,0.54,0.08,0.31,0.77,0.54,0.08,0.31,0.69,0.54,1.0,1.0,0.38,0.54,0.54,0.54,0.77,0.23,0.31,0.54,0.54,0.54,14
186,1845,South,India,Western Ghats,Kerala,Kerala,Dravidian,Non-Tribal,10.85,76.27,0.46,0.23,0.46,0.54,0.54,1.0,1.0,0.77,1.0,0.54,0.46,0.23,0.46,0.85,0.69,0.23,0.31,0.08,0.08,0.54,0.54,0.08,0.31,0.69,0.54,1.0,1.0,0.69,0.54,0.54,0.54,0.54,0.23,0.08,0.31,0.54,0.77,14
187,1846,South,India,Western Ghats,Kerala,Kerala,Dravidian,Non-Tribal,10.85,76.27,0.77,0.69,0.62,0.77,0.54,0.31,0.54,0.77,0.31,0.31,1.0,0.38,0.92,0.38,0.69,0.08,0.08,0.08,0.85,0.77,0.31,0.08,0.08,0.38,0.54,0.08,0.08,0.38,0.54,0.31,0.08,0.77,0.23,0.31,0.31,0.54,0.08,14
188,1847,South,India,Western Ghats,Kerala,Kerala,Dravidian,Non-Tribal,10.85,76.27,0.15,0.08,0.08,0.31,0.08,0.08,0.08,0.08,0.08,0.31,0.85,0.08,0.08,0.08,0.69,0.15,0.54,0.08,0.85,0.77,0.31,0.08,0.31,0.38,0.54,0.69,1.0,0.69,0.54,0.31,0.08,0.54,0.35,0.31,0.54,0.54,0.08,14
189,1848,South,India,Western Ghats,Kerala,Kerala,Dravidian,Non-Tribal,10.85,76.27,0.15,0.15,0.15,0.31,0.08,0.08,0.31,0.08,0.08,0.54,0.85,0.08,0.69,0.08,0.85,0.92,0.54,1.0,0.08,0.31,0.54,0.08,0.31,0.69,0.54,1.0,1.0,0.38,0.54,0.54,1.0,0.31,0.23,0.08,0.31,0.54,0.31,14
190,1849,South,India,Western Ghats,Kerala,Kerala,Dravidian,Non-Tribal,10.85,76.27,0.62,0.15,0.38,1.0,0.54,1.0,1.0,0.77,1.0,0.54,0.46,0.23,0.46,0.69,0.69,0.38,0.54,0.46,0.08,0.54,0.54,0.77,0.31,0.69,0.77,1.0,1.0,0.38,1.0,0.54,0.08,0.31,0.08,0.08,0.31,0.54,0.54,14
191,1850,South,India,Western Ghats,Kerala,Kerala,Dravidian,Non-Tribal,10.85,76.27,0.46,0.23,0.38,0.54,0.54,0.77,0.31,0.08,0.77,0.54,0.46,0.23,0.46,0.23,0.69,0.46,0.54,0.23,0.08,0.77,0.54,0.08,0.54,0.69,0.31,1.0,1.0,0.69,0.54,0.54,0.54,0.54,0.62,0.54,0.54,0.54,0.31,14
192,1851,South,India,Western Ghats,Kerala,Kerala,Dravidian,Non-Tribal,10.85,76.27,0.62,0.23,0.46,1.0,0.77,1.0,0.54,1.0,0.77,0.54,0.46,0.23,0.46,0.23,0.69,0.85,0.54,1.0,0.08,0.54,0.54,0.62,0.31,0.77,0.54,1.0,1.0,0.69,0.54,0.54,0.54,0.54,0.23,0.08,0.31,0.54,0.31,14
193,1852,South,India,Western Ghats,Kerala,Kerala,Dravidian,Non-Tribal,10.85,76.27,0.73,0.08,0.08,1.0,0.77,0.77,0.08,0.08,0.08,0.54,0.85,0.23,0.08,0.08,0.69,0.15,0.42,0.08,0.08,0.54,0.31,0.62,0.31,0.85,0.54,0.69,1.0,0.38,0.54,0.54,0.54,0.54,0.23,0.08,0.31,0.54,0.08,14
194,3754,South,India,Western Ghats,Kerala,Kerala,Dravidian,Non-Tribal,10.85,76.27,0.15,0.62,0.38,0.31,0.08,0.08,1.0,0.54,1.0,0.31,0.46,0.08,0.46,0.46,0.69,0.77,0.77,0.85,0.08,0.77,0.31,0.08,0.08,0.69,0.54,0.38,1.0,0.38,0.08,0.31,0.08,0.77,0.35,0.08,0.77,0.77,0.08,14
195,3755,South,India,Western Ghats,Kerala,Kerala,Dravidian,Non-Tribal,10.85,76.27,0.15,0.15,0.38,0.31,0.08,0.08,1.0,0.54,1.0,0.31,0.46,0.08,0.46,0.54,0.69,0.23,0.77,0.08,0.85,0.77,0.31,0.08,0.08,0.69,0.54,1.0,1.0,0.69,0.08,0.31,0.08,0.42,0.23,0.08,0.08,0.54,0.08,14
196,9193,South,India,Western Ghats,Kerala,Kerala,Dravidian,Non-Tribal,10.85,76.27,,0.0,0.31,0.0,0.0,0.0,0.31,0.08,0.08,0.0,0.0,0.0,0.0,0.0,0.0,0.0,0.0,0.0,0.0,0.0,0.0,0.0,0.0,0.77,0.0,0.0,0.0,0.0,0.0,0.0,0.0,0.0,0.0,0.0,0.0,0.0,0.0,14
197,9347,South,India,Western Ghats,Kerala,Kerala,Dravidian,Non-Tribal,10.85,76.27,0.15,0.77,0.85,0.31,0.08,0.08,1.0,0.31,0.31,1.0,0.85,0.08,0.85,0.69,0.69,0.77,0.77,0.08,0.69,1.0,0.31,0.08,0.08,0.85,0.77,1.0,1.0,0.69,0.08,1.0,0.08,1.0,0.23,0.31,0.31,1.0,1.0,14
198,845,South,India,Western Ghats,Nilgiri Mtns,Toda,Dravidian,Tribal,21.14,79.08,0.69,0.23,0.38,0.54,0.77,0.77,1.0,0.54,1.0,0.54,0.46,0.23,0.35,0.85,0.69,0.92,0.54,0.85,0.08,0.54,0.77,0.08,0.77,0.69,0.77,1.0,1.0,1.0,1.0,0.54,1.0,0.54,0.35,0.42,0.54,0.54,0.31,9
199,4456,South,India,Western Ghats,Nilgiri Mtns,Toda,Dravidian,Tribal,11.49,76.73,0.69,0.23,0.77,0.54,0.77,1.0,0.54,1.0,0.77,0.77,0.69,0.23,0.69,0.23,0.69,0.92,0.54,1.0,0.69,0.77,0.77,0.08,0.77,0.69,0.54,1.0,1.0,0.38,0.54,0.77,0.54,0.77,0.46,0.31,0.54,0.54,0.77,9
200,4457,South,India,Western Ghats,Nilgiri Mtns,Toda,Dravidian,Tribal,11.49,76.73,0.69,0.08,0.08,0.54,0.77,0.77,0.08,0.08,0.08,1.0,0.69,0.23,0.08,0.08,0.69,0.92,0.31,1.0,0.69,0.54,0.77,0.08,1.0,0.69,0.77,1.0,0.08,0.38,0.08,1.0,0.54,1.0,0.62,0.31,0.54,0.31,0.54,9
201,4458,South,India,Western Ghats,Nilgiri Mtns,Toda,Dravidian,Tribal,11.49,76.73,0.46,0.08,0.08,0.54,0.54,0.77,0.08,0.08,0.08,0.77,0.46,0.31,0.08,0.08,0.69,0.92,0.77,1.0,0.31,0.54,0.77,0.08,0.77,0.69,0.54,1.0,0.08,0.38,0.54,0.77,0.54,0.77,0.46,0.31,0.54,0.54,0.77,9
202,4459,South,India,Western Ghats,Nilgiri Mtns,Toda,Dravidian,Tribal,11.49,76.73,0.15,0.08,0.08,0.31,0.08,0.08,0.08,0.08,0.08,1.0,0.69,0.08,0.08,0.08,0.69,0.92,0.54,1.0,0.69,0.54,0.77,0.08,1.0,0.69,0.54,0.69,0.08,0.38,0.08,1.0,0.54,0.77,0.46,0.54,0.31,0.31,0.77,9
203,4460,South,India,Western Ghats,Nilgiri Mtns,Toda,Dravidian,Tribal,11.49,76.73,0.81,0.23,0.46,0.54,0.77,0.77,0.54,1.0,0.77,1.0,0.46,0.23,0.46,0.23,0.69,0.69,0.88,0.85,1.0,0.54,0.77,0.08,1.0,0.85,0.77,1.0,1.0,0.38,0.54,1.0,0.08,0.77,0.46,0.54,0.54,0.31,0.77,9
204,4461,South,India,Western Ghats,Nilgiri Mtns,Toda,Dravidian,Tribal,11.49,76.73,0.69,0.69,0.62,0.54,0.77,0.77,0.77,0.77,0.54,1.0,0.46,0.23,0.23,0.38,0.69,0.92,0.54,1.0,0.69,0.31,0.77,0.08,1.0,0.85,0.77,1.0,0.38,0.38,0.54,1.0,0.08,0.77,0.62,0.54,0.54,0.31,0.77,9
205,4462,South,India,Western Ghats,Nilgiri Mtns,Toda,Dravidian,Tribal,11.49,76.73,0.46,0.23,0.46,0.54,1.0,0.77,0.54,1.0,0.54,1.0,0.46,0.23,0.46,0.23,0.69,0.92,0.77,0.85,0.31,0.54,0.77,0.08,0.77,0.69,0.77,1.0,1.0,0.69,0.08,1.0,0.54,0.42,0.46,0.54,0.31,0.31,0.77,9
206,4463,South,India,Western Ghats,Nilgiri Mtns,Toda,Dravidian,Tribal,11.49,76.73,0.15,0.08,0.08,0.31,0.08,0.08,0.08,0.08,0.08,1.0,0.69,0.08,0.08,0.08,0.69,0.92,0.31,1.0,0.69,0.54,0.77,0.08,0.77,0.69,0.31,1.0,0.08,1.0,0.08,1.0,0.54,0.77,0.62,0.31,0.31,0.54,0.77,9
