canto_coding_id,region,division,subregion,area_kingdom,culture,language,lat,lng,cv_1,cv_2,cv_3,cv_4,cv_5,cv_6,cv_7,cv_8,cv_9,cv_10,cv_11,cv_12,cv_13,cv_14,cv_15,cv_16,cv_17,cv_18,cv_19,cv_20,cv_21,cv_22,cv_23,cv_24,cv_25,cv_26,cv_27,cv_28,cv_29,cv_30,cv_31,cv_32,cv_33,cv_34,cv_35,cv_36,cv_37
3851,South Asia,India,C India/ Central Tribal Area,Andhra Pradesh/ Madhya Pradesh/ Maharashtra/ Telangana,Banjara,Indo-European,19.89,75.3,0.69,0.92,0.69,0.77,0.54,0.54,1.0,0.54,0.77,0.54,0.46,0.38,0.46,0.69,0.69,0.69,1.0,0.85,0.31,0.31,0.31,0.08,0.08,0.77,0.42,1.0,1.0,1.0,0.54,0.54,0.54,0.31,0.23,0.31,0.31,0.77,0.77
3844,South Asia,India,C India/ Central Tribal Area,Chhattisgarh/ Madhya Pradesh/ Maharashtra/ Telangana,Kolam,Dravidian,15.91,79.74,0.69,0.15,0.38,0.54,0.31,0.54,1.0,0.77,0.77,0.77,0.85,0.38,0.46,0.85,0.69,0.23,0.54,0.08,0.31,0.54,0.54,0.08,0.31,0.85,0.77,1.0,1.0,0.69,1.0,0.77,0.54,0.42,0.23,0.31,0.54,0.54,0.77
3845,South Asia,India,C India/ Central Tribal Area,Chhattisgarh/ Madhya Pradesh/ Maharashtra/ Telangana,Kolam,Dravidian,15.91,79.74,0.69,0.77,0.38,0.54,0.54,0.54,1.0,0.54,0.31,0.77,0.85,0.23,0.85,0.69,0.69,0.92,0.77,1.0,0.31,0.54,0.54,0.08,0.54,0.85,0.77,0.69,0.69,0.69,1.0,0.77,1.0,0.42,0.23,0.31,0.54,0.54,0.54
3846,South Asia,India,C India/ Central Tribal Area,Chhattisgarh/ Madhya Pradesh/ Maharashtra/ Telangana,Kolam,Dravidian,15.91,79.74,0.62,0.92,0.38,0.77,0.31,0.31,1.0,0.31,0.77,0.54,0.85,0.38,0.46,0.85,0.69,0.23,0.77,0.08,0.31,0.54,0.54,0.08,0.54,0.69,0.42,0.69,1.0,0.38,0.54,0.54,0.54,0.54,0.62,0.31,0.54,0.77,0.31
3762,South Asia,India,C India/ Central Tribal Area,Maharashtra/ Telangana,Andh,Indo-European,31.73,75.94,0.46,0.08,0.08,1.0,0.31,0.42,0.08,0.08,0.08,0.31,0.85,0.23,0.08,0.08,0.69,0.46,0.54,0.08,0.31,0.54,0.54,0.46,0.54,0.69,0.54,0.69,1.0,0.69,0.54,0.31,1.0,0.54,0.62,0.54,0.77,0.54,0.77
972,South Asia,India,Dravidian Deccan,N E Sri Lanka/ Tamil Nadu,Tamil People,Dravidian,13.08,80.27,0.31,0.15,0.38,0.31,0.08,0.08,0.54,0.54,1.0,0.08,0.85,0.08,0.46,0.69,0.69,0.69,0.31,1.0,0.69,0.54,0.31,0.08,0.31,0.85,0.77,1.0,1.0,0.69,0.54,0.08,1.0,0.42,0.23,0.31,0.31,0.54,0.31
973,South Asia,India,Dravidian Deccan,N E Sri Lanka/ Tamil Nadu,Tamil People,Dravidian,13.08,80.27,0.62,0.62,0.38,0.42,0.54,0.54,1.0,0.54,1.0,0.08,0.46,0.23,0.46,0.69,0.69,0.23,0.31,0.08,0.08,0.77,0.31,0.08,0.31,0.85,0.77,1.0,1.0,0.69,0.54,0.08,1.0,0.42,0.35,0.31,0.31,0.54,0.31
9457,South Asia,India,Dravidian Deccan,N E Sri Lanka/ Tamil Nadu,Tamil People,Dravidian,13.08,80.27,0.15,1.0,0.85,0.31,0.08,0.08,0.54,0.54,0.77,0.31,0.69,0.08,0.69,1.0,0.69,0.08,0.54,0.08,0.69,0.54,0.31,0.08,0.31,0.38,0.31,0.69,1.0,0.69,0.08,0.31,0.54,0.77,0.23,0.31,0.54,0.77,0.54
748,South Asia,India,Dravidian Deccan,Tamil Nadu,Madras,Dravidian,13.08,80.27,0.15,0.62,0.54,0.31,0.08,0.08,1.0,1.0,1.0,0.31,0.85,0.08,0.85,0.69,0.69,0.08,0.08,0.08,0.08,0.77,0.31,0.08,0.08,0.85,0.77,1.0,1.0,0.38,0.08,0.31,1.0,0.42,0.23,0.31,0.31,0.54,0.08
759,South Asia,India,Dravidian Deccan,Tamil Nadu,Madras,Dravidian,13.08,80.27,0.62,0.62,0.62,0.54,0.54,0.77,1.0,0.54,1.0,0.54,0.46,0.23,0.69,0.69,0.69,0.92,0.31,1.0,0.08,0.31,0.31,0.08,0.54,0.85,0.54,1.0,1.0,0.69,1.0,0.54,0.54,0.54,0.23,0.31,0.31,0.54,0.31
760,South Asia,India,Dravidian Deccan,Tamil Nadu,Madras,Dravidian,13.08,80.27,0.15,0.62,0.54,0.31,0.08,0.08,1.0,1.0,0.77,0.08,0.85,0.08,0.69,0.69,0.38,0.31,0.31,0.38,0.08,0.77,0.31,0.08,0.08,0.69,0.31,0.08,0.08,0.69,0.08,0.08,1.0,0.54,0.46,0.31,0.77,0.54,0.31
974,South Asia,India,Dravidian Deccan,Tamil Nadu,Madras,Dravidian,13.08,80.27,0.54,0.62,0.46,0.77,0.77,0.31,0.54,1.0,0.08,0.08,1.0,0.38,0.08,0.08,0.69,0.08,0.08,0.08,0.69,0.77,0.31,0.08,0.08,0.08,0.31,0.08,1.0,0.38,0.08,0.08,1.0,0.77,0.35,0.08,0.54,0.77,0.31
8004,South Asia,India,Dravidian Deccan,Tamil Nadu,Madras,Dravidian,13.08,80.27,0.15,0.0,0.85,0.31,0.08,0.08,0.88,0.0,1.0,0.77,0.85,0.08,0.69,0.85,0.69,0.42,0.54,0.85,0.69,0.54,0.31,0.08,0.08,0.69,0.54,0.38,1.0,0.38,0.08,0.77,0.08,0.54,0.23,0.31,0.54,0.54,1.0
758,South Asia,India,E C India/ E Central Tribal Area,Andhra Pradesh,Andhra Pradesh,Dravidian,15.91,79.74,0.15,0.62,0.62,0.31,0.08,0.08,1.0,1.0,1.0,0.08,0.46,0.08,0.46,0.69,0.69,0.77,0.54,1.0,0.08,0.31,0.31,0.08,0.08,0.69,0.31,0.69,0.69,0.08,0.08,0.08,1.0,0.54,0.46,0.08,0.31,0.54,0.31
3752,South Asia,India,E C India/ E Central Tribal Area,Andhra Pradesh,Andhra Pradesh,Dravidian,15.91,79.74,0.15,0.77,0.38,0.31,0.08,0.08,1.0,0.54,1.0,0.08,0.69,0.08,0.69,0.69,0.69,0.08,0.77,0.08,0.69,0.77,0.31,0.08,0.08,0.38,0.42,1.0,1.0,0.38,0.54,0.08,0.08,0.77,0.77,0.31,0.77,0.54,0.08
3753,South Asia,India,E C India/ E Central Tribal Area,Andhra Pradesh,Andhra Pradesh,Dravidian,17.39,78.46,0.15,0.15,0.38,0.31,0.08,0.08,1.0,0.54,0.77,0.08,0.46,0.08,0.46,0.46,0.69,0.08,0.54,0.08,0.31,0.77,0.31,0.08,0.31,0.69,0.54,1.0,1.0,0.38,1.0,0.08,1.0,0.77,0.62,0.08,0.54,0.77,0.31
3814,South Asia,India,E C India/ E Central Tribal Area,Andhra Pradesh,Koya,Dravidian,16.87,80.92,0.46,0.08,0.08,0.77,0.54,0.54,0.08,0.08,0.08,0.54,0.46,0.38,0.08,0.08,0.69,0.46,0.88,0.62,0.69,0.77,0.54,0.08,0.77,0.85,0.54,0.69,1.0,0.69,1.0,0.54,1.0,0.77,0.46,0.31,0.31,0.54,0.77
3815,South Asia,India,E C India/ E Central Tribal Area,Andhra Pradesh,Koya,Dravidian,16.87,80.92,0.38,0.08,0.08,0.54,0.54,0.54,0.08,0.08,0.08,0.54,0.46,0.23,0.08,0.08,0.69,0.46,1.0,0.23,0.08,0.77,0.54,0.08,0.77,0.85,0.42,0.69,1.0,0.69,1.0,0.54,1.0,0.42,0.62,0.42,0.54,0.54,0.77
3816,South Asia,India,E C India/ E Central Tribal Area,Andhra Pradesh,Koya,Dravidian,16.87,80.92,0.46,0.08,0.08,0.54,0.77,0.77,0.08,0.08,0.08,0.77,0.85,0.23,0.08,0.08,0.69,0.38,0.88,0.62,0.08,0.77,0.54,0.08,0.77,0.85,0.31,0.69,1.0,0.69,1.0,0.77,1.0,0.42,0.62,0.54,0.77,0.54,0.77
3817,South Asia,India,E C India/ E Central Tribal Area,Andhra Pradesh,Koya,Dravidian,16.87,80.92,0.38,0.08,0.08,0.54,0.54,0.54,0.08,0.08,0.08,0.54,0.85,0.23,0.08,0.08,0.69,0.23,0.88,0.08,0.69,0.54,0.54,0.08,0.77,0.85,0.77,0.69,1.0,0.38,0.54,0.54,0.54,0.77,0.62,0.31,0.31,0.54,0.42
3790,South Asia,India,E C India/ E Central Tribal Area,Andhra Pradesh/ Odisha,Gadaba,Dravidian,21.77,84.36,0.46,0.08,0.08,0.77,0.77,0.54,0.08,0.08,0.08,0.54,0.85,0.38,0.08,0.08,0.69,0.38,0.77,0.38,0.31,0.77,1.0,0.08,0.0,0.85,0.77,1.0,1.0,0.38,0.54,0.54,1.0,0.77,0.62,0.0,0.0,0.54,0.77
3791,South Asia,India,E C India/ E Central Tribal Area,Andhra Pradesh/ Odisha,Gadaba,Dravidian,21.77,84.36,0.46,0.08,0.08,1.0,0.0,0.54,0.08,0.08,0.08,0.31,0.85,0.23,0.08,0.08,0.69,0.92,0.54,1.0,0.08,0.77,0.77,0.46,0.77,0.69,0.77,0.69,1.0,0.69,1.0,0.31,1.0,0.77,0.62,0.54,0.42,0.77,0.31
3792,South Asia,India,E C India/ E Central Tribal Area,Andhra Pradesh/ Odisha,Gadaba,Dravidian,21.77,84.36,0.54,0.08,0.08,0.65,0.31,0.54,0.08,0.08,0.08,0.77,0.85,0.38,0.08,0.08,0.69,0.69,0.65,0.85,0.08,0.54,0.31,0.46,0.54,0.69,0.42,0.38,1.0,0.38,0.54,0.08,1.0,0.77,0.54,0.42,0.54,0.54,0.54
3793,South Asia,India,E C India/ E Central Tribal Area,Andhra Pradesh/ Odisha,Gadaba,Dravidian,18.56,82.97,0.38,0.08,0.08,0.77,0.77,0.54,0.08,0.08,0.08,0.31,0.85,0.31,0.08,0.08,0.69,0.92,0.88,0.85,0.69,0.77,1.0,0.08,0.54,0.85,0.31,0.69,1.0,0.38,0.54,0.31,1.0,0.77,0.77,0.77,0.77,0.77,0.54
3794,South Asia,India,E C India/ E Central Tribal Area,Andhra Pradesh/ Odisha,Gadaba,Dravidian,18.56,82.97,0.38,0.08,0.08,0.77,0.31,0.31,0.08,0.08,0.08,0.54,0.85,0.38,0.08,0.08,0.69,0.92,0.77,0.85,0.85,0.54,0.54,0.08,0.77,0.85,0.31,0.69,1.0,0.69,1.0,0.54,0.54,0.54,0.62,0.77,0.77,0.77,0.54
3795,South Asia,India,E C India/ E Central Tribal Area,Andhra Pradesh/ Odisha,Gadaba,Dravidian,18.56,82.97,0.38,0.08,0.08,1.0,0.31,0.31,0.08,0.08,0.08,0.54,0.85,0.31,0.08,0.08,0.69,0.85,0.77,1.0,0.08,1.0,0.54,0.46,0.54,0.85,0.77,0.69,1.0,0.69,1.0,0.54,1.0,0.54,0.62,0.31,0.42,0.77,0.54
3796,South Asia,India,E C India/ E Central Tribal Area,Andhra Pradesh/ Odisha,Gadaba,Dravidian,18.56,82.97,0.38,0.15,0.38,1.0,0.77,0.54,0.54,0.54,0.77,0.54,0.46,0.23,0.46,0.69,0.69,0.46,0.77,0.62,0.31,0.54,0.54,0.46,0.54,0.85,0.54,1.0,1.0,0.69,1.0,0.54,1.0,0.54,0.62,0.54,0.54,0.77,0.54
3842,South Asia,India,E C India/ E Central Tribal Area,Andhra Pradesh/ Odisha,Gadaba,Dravidian,21.77,84.36,0.5,0.08,0.08,1.0,0.77,0.31,0.08,0.08,0.08,0.77,0.92,0.23,0.08,0.08,0.69,0.77,0.54,1.0,0.31,0.54,0.77,0.46,0.54,0.69,0.77,0.69,1.0,0.38,1.0,0.77,1.0,1.0,0.62,0.42,0.54,0.77,0.31
4012,South Asia,India,E C India/ E Central Tribal Area,Andhra Pradesh/ Odisha,Gadaba,Dravidian,20.29,85.82,0.5,0.62,0.38,1.0,0.31,0.31,0.54,0.31,0.54,0.77,0.46,0.38,1.0,0.23,0.69,0.65,0.77,1.0,0.69,0.77,0.77,0.23,1.0,0.69,0.77,0.69,0.69,1.0,1.0,0.77,1.0,0.77,0.62,0.31,0.77,0.42,0.54
4013,South Asia,India,E C India/ E Central Tribal Area,Andhra Pradesh/ Odisha,Gadaba,Dravidian,20.29,85.82,0.77,0.08,0.08,0.77,0.31,0.31,0.08,0.08,0.08,0.31,0.69,0.38,0.08,0.08,0.69,0.77,0.31,0.85,0.08,0.54,0.31,0.08,0.31,0.69,0.77,0.69,1.0,0.69,1.0,0.31,1.0,0.54,0.62,0.31,0.77,0.42,0.77
4001,South Asia,India,E C India/ E Central Tribal Area,Andhra Pradesh/ Odisha,Hill Saora,Austroasiatic,19.15,84.22,0.15,0.08,0.08,0.31,0.08,0.08,0.08,0.08,0.08,0.54,0.85,0.08,0.08,0.08,0.69,0.85,0.77,0.62,0.08,0.54,0.77,0.08,0.77,0.69,0.42,0.69,1.0,0.69,1.0,0.54,1.0,0.77,0.35,0.08,0.08,0.42,0.08
4002,South Asia,India,E C India/ E Central Tribal Area,Andhra Pradesh/ Odisha,Hill Saora,Austroasiatic,19.15,84.22,0.15,0.08,0.08,0.31,0.08,0.08,0.08,0.08,0.08,0.54,0.85,0.08,0.08,0.08,0.69,0.85,0.77,0.85,0.31,0.54,0.54,0.08,0.77,0.69,0.77,0.69,1.0,1.0,1.0,0.54,1.0,0.54,0.62,0.08,0.42,0.54,0.42
4003,South Asia,India,E C India/ E Central Tribal Area,Andhra Pradesh/ Odisha,Hill Saora,Austroasiatic,19.15,84.22,0.38,0.08,0.08,0.77,0.31,0.54,0.08,0.08,0.08,0.54,0.69,0.23,0.08,0.08,0.69,0.92,0.88,0.85,0.08,0.31,0.31,0.08,0.77,0.85,0.31,1.0,1.0,1.0,1.0,0.54,1.0,0.54,0.62,0.54,0.77,0.77,0.77
4004,South Asia,India,E C India/ E Central Tribal Area,Andhra Pradesh/ Odisha,Hill Saora,Austroasiatic,19.15,84.22,0.15,0.62,0.54,0.31,0.08,0.08,0.88,0.31,0.77,0.31,0.46,0.08,0.46,0.69,0.69,0.69,0.88,0.08,0.08,0.31,0.54,0.08,0.77,0.85,0.31,0.69,1.0,0.69,1.0,0.31,1.0,0.54,0.46,0.08,0.31,0.54,0.77
4005,South Asia,India,E C India/ E Central Tribal Area,Andhra Pradesh/ Odisha,Hill Saora,Austroasiatic,19.15,84.22,0.15,0.15,0.15,0.31,0.08,0.08,0.31,0.08,0.08,0.31,0.46,0.08,0.23,0.08,0.69,0.62,0.77,0.85,0.08,0.31,0.54,0.08,0.77,0.69,0.77,0.69,1.0,1.0,1.0,0.31,1.0,0.77,0.23,0.08,0.08,0.54,0.77
4006,South Asia,India,E C India/ E Central Tribal Area,Andhra Pradesh/ Odisha,Hill Saora,Austroasiatic,19.15,84.22,0.15,0.08,0.08,0.31,0.08,0.08,0.08,0.08,0.08,0.54,0.85,0.08,0.08,0.08,0.69,0.77,0.54,0.85,0.31,0.31,0.19,0.08,1.0,0.85,0.54,1.0,1.0,1.0,1.0,0.54,1.0,0.77,0.46,0.31,0.31,0.31,0.31
4007,South Asia,India,E C India/ E Central Tribal Area,Andhra Pradesh/ Odisha,Hill Saora,Austroasiatic,19.15,84.22,0.15,0.08,0.08,0.31,0.08,0.08,0.08,0.08,0.08,0.54,0.85,0.08,0.08,0.08,0.69,0.69,0.77,0.85,0.08,0.54,0.54,0.08,0.77,0.69,0.77,0.69,1.0,1.0,1.0,0.54,1.0,0.77,0.46,0.31,0.54,0.42,0.31
4008,South Asia,India,E C India/ E Central Tribal Area,Andhra Pradesh/ Odisha,Hill Saora,Austroasiatic,19.15,84.22,0.15,0.08,0.08,0.31,0.08,0.08,0.08,0.08,0.08,0.77,0.85,0.08,0.08,0.08,0.69,0.69,0.77,0.85,0.08,0.31,0.31,0.08,0.54,0.69,0.31,0.69,1.0,0.69,1.0,0.77,1.0,0.54,0.46,0.08,0.42,0.77,0.77
4009,South Asia,India,E C India/ E Central Tribal Area,Andhra Pradesh/ Odisha,Hill Saora,Austroasiatic,19.15,84.22,0.15,0.77,0.15,0.31,0.08,0.08,0.31,0.08,0.08,0.54,0.46,0.08,0.46,0.08,0.69,0.69,0.88,0.73,0.08,0.54,0.54,0.08,0.77,0.69,0.31,1.0,1.0,0.69,1.0,0.54,1.0,0.54,0.23,0.31,0.54,0.54,0.77
4010,South Asia,India,E C India/ E Central Tribal Area,Andhra Pradesh/ Odisha,Hill Saora,Austroasiatic,19.15,84.22,0.15,0.08,0.08,0.31,0.08,0.08,0.08,0.08,0.08,0.31,0.85,0.08,0.08,0.08,0.85,0.92,0.77,0.85,0.69,0.54,1.0,0.08,0.77,0.69,0.42,0.69,1.0,0.69,1.0,0.31,1.0,0.77,0.46,0.08,0.42,0.54,0.54
9889,South Asia,India,E C India/ E Central Tribal Area,Andhra Pradesh/ Odisha,Hill Saora,Austroasiatic,19.58,84.68,0.46,0.62,0.54,0.88,0.77,0.54,0.88,1.0,0.31,0.54,0.85,1.0,0.23,1.0,0.69,0.85,0.77,1.0,0.08,0.31,0.77,1.0,0.54,0.85,0.42,0.69,0.08,0.69,1.0,0.54,0.08,0.54,0.35,0.54,0.77,0.54,0.31
9890,South Asia,India,E C India/ E Central Tribal Area,Andhra Pradesh/ Odisha,Hill Saora,Austroasiatic,19.58,84.68,0.15,0.62,0.15,0.31,0.08,0.08,0.31,0.08,0.08,0.54,0.85,0.08,0.85,0.08,0.0,0.85,0.77,0.73,0.08,0.54,0.54,0.08,0.77,0.85,0.54,0.69,0.69,0.0,0.54,0.54,1.0,0.54,0.46,0.31,0.54,0.31,0.31
9891,South Asia,India,E C India/ E Central Tribal Area,Andhra Pradesh/ Odisha,Hill Saora,Austroasiatic,19.58,84.68,0.92,0.92,0.85,0.77,0.54,0.54,1.0,0.54,1.0,0.54,0.46,0.23,0.46,0.85,0.69,0.23,0.77,0.08,0.31,0.54,0.54,0.08,0.54,0.85,0.54,1.0,1.0,0.69,0.54,0.54,0.54,0.54,0.23,0.54,0.31,0.31,0.31
3812,South Asia,India,E C India/ E Central Tribal Area,Andhra Pradesh/ Odisha,Konda-Dora,Dravidian,18.56,82.97,0.15,0.92,0.54,0.31,0.08,0.08,0.77,0.54,0.77,0.31,0.85,0.08,0.46,0.46,0.69,0.54,0.54,0.85,0.08,0.77,0.31,0.08,0.31,0.85,0.54,0.69,0.38,0.69,1.0,0.31,1.0,0.54,0.23,0.31,0.54,0.77,0.54
3813,South Asia,India,E C India/ E Central Tribal Area,Andhra Pradesh/ Odisha,Konda-Dora,Dravidian,18.56,82.97,0.46,0.08,0.08,1.0,0.77,0.54,0.08,0.08,0.08,0.54,0.85,0.38,0.08,0.08,0.69,0.23,0.77,0.08,0.08,0.54,0.54,0.46,0.54,0.69,0.42,0.69,1.0,0.69,1.0,0.54,1.0,0.42,0.62,0.54,0.54,0.77,0.54
9892,South Asia,India,E C India/ E Central Tribal Area,Odisha,Bonda,Austroasiatic,18.55,82.73,0.35,0.15,0.15,0.77,0.54,0.77,0.31,0.08,0.08,0.77,0.46,0.23,0.23,0.08,0.69,0.85,0.54,1.0,0.08,0.31,0.31,0.08,0.77,0.85,0.54,0.69,0.08,0.38,0.54,0.77,1.0,0.77,0.23,0.31,0.08,0.31,0.54
9893,South Asia,India,E C India/ E Central Tribal Area,Odisha,Bonda,Austroasiatic,18.55,82.73,0.38,0.15,0.15,0.77,0.54,0.77,0.31,0.08,0.08,0.54,0.46,0.23,0.23,0.08,0.69,0.77,0.42,0.85,0.08,0.31,0.77,0.08,1.0,0.85,0.54,1.0,0.08,0.69,0.54,0.54,1.0,0.54,0.35,0.54,0.54,0.54,0.54
9894,South Asia,India,E C India/ E Central Tribal Area,Odisha,Bonda,Austroasiatic,18.55,82.73,0.5,0.62,0.15,0.77,0.54,0.54,0.31,0.08,0.08,0.31,0.85,0.23,0.23,0.08,0.69,0.85,0.54,1.0,0.08,0.31,0.77,0.27,0.88,0.69,0.54,0.69,1.0,0.38,0.54,0.31,1.0,0.54,0.62,0.54,0.54,0.54,0.54
4101,South Asia,India,E C India/ E Central Tribal Area,Odisha,Jhodia,Indo-European,28.02,76.78,0.38,0.15,0.38,0.77,0.54,0.77,0.54,0.31,0.77,0.54,0.46,0.23,0.35,0.69,0.85,0.69,0.88,0.08,0.31,1.0,0.54,0.08,0.54,0.85,0.77,0.69,1.0,0.69,1.0,0.54,1.0,0.77,0.46,0.31,0.54,0.31,0.77
4091,South Asia,India,E C India/ E Central Tribal Area,Odisha,Oriya,Indo-European,20.95,85.09,0.15,0.08,0.08,0.31,0.08,0.08,0.08,0.08,0.08,0.31,1.0,0.08,0.08,0.08,0.85,0.77,0.54,0.85,0.08,0.54,0.31,0.08,0.08,0.23,0.77,0.08,1.0,0.38,0.54,0.31,0.54,0.42,0.77,0.42,0.54,0.42,0.31
4092,South Asia,India,E C India/ E Central Tribal Area,Odisha,Oriya,Indo-European,20.95,85.09,0.15,0.08,0.08,0.31,0.08,0.08,0.08,0.08,0.08,0.08,0.85,0.08,0.08,0.08,0.69,0.38,0.77,0.38,0.08,0.77,0.54,0.08,0.54,0.38,0.31,0.38,1.0,0.69,0.54,0.08,1.0,0.77,0.62,0.42,0.54,0.54,0.31
4093,South Asia,India,E C India/ E Central Tribal Area,Odisha,Oriya,Indo-European,20.95,85.09,0.15,0.08,0.08,0.31,0.08,0.08,0.08,0.08,0.08,0.31,0.69,0.08,0.08,0.08,0.69,0.54,0.77,0.85,0.31,0.54,0.31,0.08,0.54,0.69,0.31,0.69,1.0,0.69,0.54,0.31,1.0,0.54,0.62,0.42,0.42,0.54,0.31
4094,South Asia,India,E C India/ E Central Tribal Area,Odisha,Oriya,Indo-European,20.95,85.09,0.15,0.08,0.08,0.31,0.08,0.08,0.08,0.08,0.08,0.31,0.46,0.08,0.08,0.08,0.69,0.92,0.88,0.85,0.08,0.31,0.54,0.08,0.54,0.69,0.54,0.69,1.0,0.69,1.0,0.31,1.0,0.54,0.23,0.31,0.54,0.54,0.77
4095,South Asia,India,E C India/ E Central Tribal Area,Odisha,Oriya,Indo-European,20.95,85.09,0.15,0.08,0.08,0.31,0.08,0.08,0.08,0.08,0.08,0.31,0.92,0.08,0.08,0.08,0.69,0.62,0.77,0.85,0.31,0.54,0.31,0.08,0.54,0.85,0.54,0.69,1.0,0.69,0.54,0.31,1.0,0.54,0.23,0.31,0.77,0.54,0.31
4096,South Asia,India,E C India/ E Central Tribal Area,Odisha,Oriya,Indo-European,20.95,85.09,0.15,0.08,0.08,0.31,0.08,0.08,0.08,0.08,0.08,0.54,0.85,0.08,0.08,0.08,0.69,0.77,0.88,0.85,0.31,0.77,0.54,0.08,0.54,0.69,0.31,0.69,1.0,0.69,0.54,0.54,1.0,0.54,0.62,0.54,0.77,0.54,0.31
4097,South Asia,India,E C India/ E Central Tribal Area,Odisha,Oriya,Indo-European,20.95,85.09,0.15,0.08,0.08,0.31,0.08,0.08,0.08,0.08,0.08,0.54,0.85,0.08,0.08,0.08,0.69,0.54,0.77,0.85,0.08,0.54,0.31,0.08,0.31,0.69,0.54,0.69,1.0,0.69,1.0,0.54,1.0,0.77,0.62,0.31,0.54,0.54,0.31
4098,South Asia,India,E C India/ E Central Tribal Area,Odisha,Oriya,Indo-European,20.95,85.09,0.15,0.08,0.08,0.31,0.08,0.08,0.08,0.08,0.08,0.31,0.46,0.08,0.08,0.08,0.69,0.46,0.77,0.62,0.31,0.54,0.54,0.08,0.77,0.69,0.54,0.69,1.0,1.0,1.0,0.31,1.0,0.77,0.62,0.54,0.77,0.54,0.31
4099,South Asia,India,E C India/ E Central Tribal Area,Odisha,Oriya,Indo-European,20.95,85.09,0.15,0.62,0.15,0.31,0.08,0.08,0.31,0.08,0.08,0.31,1.0,0.08,1.0,0.08,0.69,0.54,0.77,0.85,0.31,0.31,0.31,0.08,0.77,0.85,0.54,0.69,1.0,0.69,0.54,0.31,1.0,0.42,0.08,0.08,0.31,0.54,0.77
4100,South Asia,India,E C India/ E Central Tribal Area,Odisha,Oriya,Indo-European,20.95,85.09,0.15,0.08,0.08,0.31,0.08,0.08,0.08,0.08,0.08,0.31,0.46,0.08,0.08,0.08,0.69,0.77,0.77,0.85,0.31,0.54,0.54,0.08,0.54,0.38,0.42,0.69,1.0,0.69,1.0,0.31,1.0,0.77,0.23,0.31,0.31,0.54,0.31
9885,South Asia,India,E C India/ E Central Tribal Area,Odisha,Paroja,Indo-European,18.85,82.73,0.38,0.23,1.0,0.77,0.54,0.77,0.54,1.0,1.0,0.77,0.46,0.23,0.35,0.85,0.85,0.85,0.54,1.0,0.31,0.54,0.31,0.08,0.54,0.85,0.77,1.0,1.0,0.69,0.54,0.77,1.0,0.42,0.35,0.31,0.31,0.31,0.54
9886,South Asia,India,E C India/ E Central Tribal Area,Odisha,Paroja,Indo-European,18.85,82.73,0.92,0.23,1.0,0.77,0.54,1.0,1.0,0.54,1.0,0.54,0.35,0.23,0.35,0.85,0.0,0.62,0.77,0.85,0.08,0.77,0.54,0.08,0.77,0.85,0.77,1.0,1.0,0.38,0.54,0.54,1.0,0.77,0.23,0.31,0.54,0.31,0.77
9887,South Asia,India,E C India/ E Central Tribal Area,Odisha,Paroja,Indo-European,18.85,82.73,0.38,0.08,0.08,0.88,0.77,1.0,0.08,0.08,0.08,0.54,0.85,0.23,0.08,0.08,0.85,0.69,0.77,0.85,0.08,0.77,0.54,0.35,0.54,0.85,0.42,1.0,0.08,0.69,0.54,0.54,1.0,0.77,0.35,0.31,0.77,0.31,0.54
9888,South Asia,India,E C India/ E Central Tribal Area,Odisha,Paroja,Indo-European,18.32,82.87,0.77,0.69,0.15,0.88,0.77,0.77,1.0,0.31,1.0,0.54,0.46,0.23,0.35,0.85,0.85,0.85,0.77,1.0,0.31,0.54,0.54,0.23,0.54,0.85,0.77,0.69,0.69,0.69,0.54,0.54,0.54,0.77,0.23,0.31,0.54,0.31,0.54
680,South Asia,India,Western Ghats,Goa,Portuguese Goa,Indo-European,15.29,74.12,0.69,0.15,0.46,1.0,0.54,1.0,1.0,0.77,1.0,0.31,0.46,0.23,0.46,0.54,0.69,0.23,0.77,0.08,0.69,0.54,0.54,0.77,1.0,0.69,0.54,1.0,1.0,0.69,0.54,0.31,1.0,0.42,0.62,1.0,0.77,0.77,0.54
1843,South Asia,India,Western Ghats,Kerala,Kerala,Dravidian,8.52,76.93,0.69,0.23,0.38,0.54,0.54,1.0,1.0,0.77,1.0,0.54,0.46,0.23,0.46,0.69,0.69,0.23,0.54,0.08,0.31,0.31,0.31,0.08,0.54,0.69,0.77,1.0,1.0,0.69,0.54,0.54,0.54,0.31,0.23,0.31,0.54,0.31,0.54
1844,South Asia,India,Western Ghats,Kerala,Kerala,Dravidian,8.52,76.93,0.46,0.23,0.46,0.54,0.54,0.77,1.0,0.77,1.0,0.54,0.46,0.23,0.46,0.69,0.69,0.23,0.54,0.08,0.31,0.77,0.54,0.08,0.31,0.69,0.54,1.0,1.0,0.38,0.54,0.54,0.54,0.77,0.23,0.31,0.54,0.54,0.54
1845,South Asia,India,Western Ghats,Kerala,Kerala,Dravidian,10.85,76.27,0.46,0.23,0.46,0.54,0.54,1.0,1.0,0.77,1.0,0.54,0.46,0.23,0.46,0.85,0.69,0.23,0.31,0.08,0.08,0.54,0.54,0.08,0.31,0.69,0.54,1.0,1.0,0.69,0.54,0.54,0.54,0.54,0.23,0.08,0.31,0.54,0.77
1846,South Asia,India,Western Ghats,Kerala,Kerala,Dravidian,10.85,76.27,0.77,0.69,0.62,0.77,0.54,0.31,0.54,0.77,0.31,0.31,1.0,0.38,0.92,0.38,0.69,0.08,0.08,0.08,0.85,0.77,0.31,0.08,0.08,0.38,0.54,0.08,0.08,0.38,0.54,0.31,0.08,0.77,0.23,0.31,0.31,0.54,0.08
1847,South Asia,India,Western Ghats,Kerala,Kerala,Dravidian,10.85,76.27,0.15,0.08,0.08,0.31,0.08,0.08,0.08,0.08,0.08,0.31,0.85,0.08,0.08,0.08,0.69,0.15,0.54,0.08,0.85,0.77,0.31,0.08,0.31,0.38,0.54,0.69,1.0,0.69,0.54,0.31,0.08,0.54,0.35,0.31,0.54,0.54,0.08
1848,South Asia,India,Western Ghats,Kerala,Kerala,Dravidian,10.85,76.27,0.15,0.15,0.15,0.31,0.08,0.08,0.31,0.08,0.08,0.54,0.85,0.08,0.69,0.08,0.85,0.92,0.54,1.0,0.08,0.31,0.54,0.08,0.31,0.69,0.54,1.0,1.0,0.38,0.54,0.54,1.0,0.31,0.23,0.08,0.31,0.54,0.31
1849,South Asia,India,Western Ghats,Kerala,Kerala,Dravidian,10.85,76.27,0.62,0.15,0.38,1.0,0.54,1.0,1.0,0.77,1.0,0.54,0.46,0.23,0.46,0.69,0.69,0.38,0.54,0.46,0.08,0.54,0.54,0.77,0.31,0.69,0.77,1.0,1.0,0.38,1.0,0.54,0.08,0.31,0.08,0.08,0.31,0.54,0.54
1850,South Asia,India,Western Ghats,Kerala,Kerala,Dravidian,10.85,76.27,0.46,0.23,0.38,0.54,0.54,0.77,0.31,0.08,0.77,0.54,0.46,0.23,0.46,0.23,0.69,0.46,0.54,0.23,0.08,0.77,0.54,0.08,0.54,0.69,0.31,1.0,1.0,0.69,0.54,0.54,0.54,0.54,0.62,0.54,0.54,0.54,0.31
1851,South Asia,India,Western Ghats,Kerala,Kerala,Dravidian,10.85,76.27,0.62,0.23,0.46,1.0,0.77,1.0,0.54,1.0,0.77,0.54,0.46,0.23,0.46,0.23,0.69,0.85,0.54,1.0,0.08,0.54,0.54,0.62,0.31,0.77,0.54,1.0,1.0,0.69,0.54,0.54,0.54,0.54,0.23,0.08,0.31,0.54,0.31
1852,South Asia,India,Western Ghats,Kerala,Kerala,Dravidian,10.85,76.27,0.73,0.08,0.08,1.0,0.77,0.77,0.08,0.08,0.08,0.54,0.85,0.23,0.08,0.08,0.69,0.15,0.42,0.08,0.08,0.54,0.31,0.62,0.31,0.85,0.54,0.69,1.0,0.38,0.54,0.54,0.54,0.54,0.23,0.08,0.31,0.54,0.08
3754,South Asia,India,Western Ghats,Kerala,Kerala,Dravidian,10.85,76.27,0.15,0.62,0.38,0.31,0.08,0.08,1.0,0.54,1.0,0.31,0.46,0.08,0.46,0.46,0.69,0.77,0.77,0.85,0.08,0.77,0.31,0.08,0.08,0.69,0.54,0.38,1.0,0.38,0.08,0.31,0.08,0.77,0.35,0.08,0.77,0.77,0.08
3755,South Asia,India,Western Ghats,Kerala,Kerala,Dravidian,10.85,76.27,0.15,0.15,0.38,0.31,0.08,0.08,1.0,0.54,1.0,0.31,0.46,0.08,0.46,0.54,0.69,0.23,0.77,0.08,0.85,0.77,0.31,0.08,0.08,0.69,0.54,1.0,1.0,0.69,0.08,0.31,0.08,0.42,0.23,0.08,0.08,0.54,0.08
9193,South Asia,India,Western Ghats,Kerala,Kerala,Dravidian,10.85,76.27,,0.0,0.31,0.0,0.0,0.0,0.31,0.08,0.08,0.0,0.0,0.0,0.0,0.0,0.0,0.0,0.0,0.0,0.0,0.0,0.0,0.0,0.0,0.77,0.0,0.0,0.0,0.0,0.0,0.0,0.0,0.0,0.0,0.0,0.0,0.0,0.0
9347,South Asia,India,Western Ghats,Kerala,Kerala,Dravidian,10.85,76.27,0.15,0.77,0.85,0.31,0.08,0.08,1.0,0.31,0.31,1.0,0.85,0.08,0.85,0.69,0.69,0.77,0.77,0.08,0.69,1.0,0.31,0.08,0.08,0.85,0.77,1.0,1.0,0.69,0.08,1.0,0.08,1.0,0.23,0.31,0.31,1.0,1.0
845,South Asia,India,Western Ghats,Nilgiri Mtns,Toda,Dravidian,21.14,79.08,0.69,0.23,0.38,0.54,0.77,0.77,1.0,0.54,1.0,0.54,0.46,0.23,0.35,0.85,0.69,0.92,0.54,0.85,0.08,0.54,0.77,0.08,0.77,0.69,0.77,1.0,1.0,1.0,1.0,0.54,1.0,0.54,0.35,0.42,0.54,0.54,0.31
4456,South Asia,India,Western Ghats,Nilgiri Mtns,Toda,Dravidian,11.49,76.73,0.69,0.23,0.77,0.54,0.77,1.0,0.54,1.0,0.77,0.77,0.69,0.23,0.69,0.23,0.69,0.92,0.54,1.0,0.69,0.77,0.77,0.08,0.77,0.69,0.54,1.0,1.0,0.38,0.54,0.77,0.54,0.77,0.46,0.31,0.54,0.54,0.77
4457,South Asia,India,Western Ghats,Nilgiri Mtns,Toda,Dravidian,11.49,76.73,0.69,0.08,0.08,0.54,0.77,0.77,0.08,0.08,0.08,1.0,0.69,0.23,0.08,0.08,0.69,0.92,0.31,1.0,0.69,0.54,0.77,0.08,1.0,0.69,0.77,1.0,0.08,0.38,0.08,1.0,0.54,1.0,0.62,0.31,0.54,0.31,0.54
4458,South Asia,India,Western Ghats,Nilgiri Mtns,Toda,Dravidian,11.49,76.73,0.46,0.08,0.08,0.54,0.54,0.77,0.08,0.08,0.08,0.77,0.46,0.31,0.08,0.08,0.69,0.92,0.77,1.0,0.31,0.54,0.77,0.08,0.77,0.69,0.54,1.0,0.08,0.38,0.54,0.77,0.54,0.77,0.46,0.31,0.54,0.54,0.77
4459,South Asia,India,Western Ghats,Nilgiri Mtns,Toda,Dravidian,11.49,76.73,0.15,0.08,0.08,0.31,0.08,0.08,0.08,0.08,0.08,1.0,0.69,0.08,0.08,0.08,0.69,0.92,0.54,1.0,0.69,0.54,0.77,0.08,1.0,0.69,0.54,0.69,0.08,0.38,0.08,1.0,0.54,0.77,0.46,0.54,0.31,0.31,0.77
4460,South Asia,India,Western Ghats,Nilgiri Mtns,Toda,Dravidian,11.49,76.73,0.81,0.23,0.46,0.54,0.77,0.77,0.54,1.0,0.77,1.0,0.46,0.23,0.46,0.23,0.69,0.69,0.88,0.85,1.0,0.54,0.77,0.08,1.0,0.85,0.77,1.0,1.0,0.38,0.54,1.0,0.08,0.77,0.46,0.54,0.54,0.31,0.77
4461,South Asia,India,Western Ghats,Nilgiri Mtns,Toda,Dravidian,11.49,76.73,0.69,0.69,0.62,0.54,0.77,0.77,0.77,0.77,0.54,1.0,0.46,0.23,0.23,0.38,0.69,0.92,0.54,1.0,0.69,0.31,0.77,0.08,1.0,0.85,0.77,1.0,0.38,0.38,0.54,1.0,0.08,0.77,0.62,0.54,0.54,0.31,0.77
4462,South Asia,India,Western Ghats,Nilgiri Mtns,Toda,Dravidian,11.49,76.73,0.46,0.23,0.46,0.54,1.0,0.77,0.54,1.0,0.54,1.0,0.46,0.23,0.46,0.23,0.69,0.92,0.77,0.85,0.31,0.54,0.77,0.08,0.77,0.69,0.77,1.0,1.0,0.69,0.08,1.0,0.54,0.42,0.46,0.54,0.31,0.31,0.77
4463,South Asia,India,Western Ghats,Nilgiri Mtns,Toda,Dravidian,11.49,76.73,0.15,0.08,0.08,0.31,0.08,0.08,0.08,0.08,0.08,1.0,0.69,0.08,0.08,0.08,0.69,0.92,0.31,1.0,0.69,0.54,0.77,0.08,0.77,0.69,0.31,1.0,0.08,1.0,0.08,1.0,0.54,0.77,0.62,0.31,0.31,0.54,0.77
